[
    {
        "id": "Series1100-Model4-24-36", 
        "price": 219.0, 
        "url": "https://screen-house.com/buy/1100.json"
    }, 
    {
        "id": "Series1100-Model4-37-42", 
        "price": 230.0, 
        "url": "https://screen-house.com/buy/1100.json"
    }, 
    {
        "id": "Series1100-Model4-43-48", 
        "price": 248.0, 
        "url": "https://screen-house.com/buy/1100.json"
    }, 
    {
        "id": "Series1100-Model4-49-54", 
        "price": 269.0, 
        "url": "https://screen-house.com/buy/1100.json"
    }, 
    {
        "id": "Series1100-Model4-55-60", 
        "price": 289.0, 
        "url": "https://screen-house.com/buy/1100.json"
    }, 
    {
        "id": "Series1100-Model4-61-66", 
        "price": 313.0, 
        "url": "https://screen-house.com/buy/1100.json"
    }, 
    {
        "id": "Series1100-Model4-67-72", 
        "price": 342.0, 
        "url": "https://screen-house.com/buy/1100.json"
    }, 
    {
        "id": "Series1100-Model4-73-84", 
        "price": 382.0, 
        "url": "https://screen-house.com/buy/1100.json"
    }, 
    {
        "id": "Series1100-Model4-85-96", 
        "price": 452.0, 
        "url": "https://screen-house.com/buy/1100.json"
    }, 
    {
        "id": "Series1100-Model4-97-108", 
        "price": 786.0, 
        "url": "https://screen-house.com/buy/1100.json"
    }, 
    {
        "id": "Series1100-Model4-109-120", 
        "price": 851.0, 
        "url": "https://screen-house.com/buy/1100.json"
    }, 
    {
        "id": "Series1100-Model5-24-36", 
        "price": 233.0, 
        "url": "https://screen-house.com/buy/1100.json"
    }, 
    {
        "id": "Series1100-Model5-37-42", 
        "price": 245.0, 
        "url": "https://screen-house.com/buy/1100.json"
    }, 
    {
        "id": "Series1100-Model5-43-48", 
        "price": 265.0, 
        "url": "https://screen-house.com/buy/1100.json"
    }, 
    {
        "id": "Series1100-Model5-49-54", 
        "price": 288.0, 
        "url": "https://screen-house.com/buy/1100.json"
    }, 
    {
        "id": "Series1100-Model5-55-60", 
        "price": 295.0, 
        "url": "https://screen-house.com/buy/1100.json"
    }, 
    {
        "id": "Series1100-Model5-61-66", 
        "price": 309.0, 
        "url": "https://screen-house.com/buy/1100.json"
    }, 
    {
        "id": "Series1100-Model5-67-72", 
        "price": 350.0, 
        "url": "https://screen-house.com/buy/1100.json"
    }, 
    {
        "id": "Series1100-Model5-73-84", 
        "price": 409.0, 
        "url": "https://screen-house.com/buy/1100.json"
    }, 
    {
        "id": "Series1100-Model5-85-96", 
        "price": 463.0, 
        "url": "https://screen-house.com/buy/1100.json"
    }, 
    {
        "id": "Series1100-Model5-97-108", 
        "price": 792.0, 
        "url": "https://screen-house.com/buy/1100.json"
    }, 
    {
        "id": "Series1100-Model5-109-120", 
        "price": 858.0, 
        "url": "https://screen-house.com/buy/1100.json"
    }, 
    {
        "id": "Series1100-Model6-24-36", 
        "price": 236.0, 
        "url": "https://screen-house.com/buy/1100.json"
    }, 
    {
        "id": "Series1100-Model6-37-42", 
        "price": 259.0, 
        "url": "https://screen-house.com/buy/1100.json"
    }, 
    {
        "id": "Series1100-Model6-43-48", 
        "price": 279.0, 
        "url": "https://screen-house.com/buy/1100.json"
    }, 
    {
        "id": "Series1100-Model6-49-54", 
        "price": 290.0, 
        "url": "https://screen-house.com/buy/1100.json"
    }, 
    {
        "id": "Series1100-Model6-55-60", 
        "price": 312.0, 
        "url": "https://screen-house.com/buy/1100.json"
    }, 
    {
        "id": "Series1100-Model6-61-66", 
        "price": 318.0, 
        "url": "https://screen-house.com/buy/1100.json"
    }, 
    {
        "id": "Series1100-Model6-67-72", 
        "price": 359.0, 
        "url": "https://screen-house.com/buy/1100.json"
    }, 
    {
        "id": "Series1100-Model6-73-84", 
        "price": 419.0, 
        "url": "https://screen-house.com/buy/1100.json"
    }, 
    {
        "id": "Series1100-Model6-85-96", 
        "price": 458.0, 
        "url": "https://screen-house.com/buy/1100.json"
    }, 
    {
        "id": "Series1100-Model6-97-108", 
        "price": 798.0, 
        "url": "https://screen-house.com/buy/1100.json"
    }, 
    {
        "id": "Series1100-Model6-109-120", 
        "price": 864.0, 
        "url": "https://screen-house.com/buy/1100.json"
    }, 
    {
        "id": "Series1100-Model7-24-36", 
        "price": 248.0, 
        "url": "https://screen-house.com/buy/1100.json"
    }, 
    {
        "id": "Series1100-Model7-37-42", 
        "price": 270.0, 
        "url": "https://screen-house.com/buy/1100.json"
    }, 
    {
        "id": "Series1100-Model7-43-48", 
        "price": 282.0, 
        "url": "https://screen-house.com/buy/1100.json"
    }, 
    {
        "id": "Series1100-Model7-49-54", 
        "price": 293.0, 
        "url": "https://screen-house.com/buy/1100.json"
    }, 
    {
        "id": "Series1100-Model7-55-60", 
        "price": 313.0, 
        "url": "https://screen-house.com/buy/1100.json"
    }, 
    {
        "id": "Series1100-Model7-61-66", 
        "price": 325.0, 
        "url": "https://screen-house.com/buy/1100.json"
    }, 
    {
        "id": "Series1100-Model7-67-72", 
        "price": 365.0, 
        "url": "https://screen-house.com/buy/1100.json"
    }, 
    {
        "id": "Series1100-Model7-73-84", 
        "price": 420.0, 
        "url": "https://screen-house.com/buy/1100.json"
    }, 
    {
        "id": "Series1100-Model7-85-96", 
        "price": 466.0, 
        "url": "https://screen-house.com/buy/1100.json"
    }, 
    {
        "id": "Series1100-Model7-97-108", 
        "price": 801.0, 
        "url": "https://screen-house.com/buy/1100.json"
    }, 
    {
        "id": "Series1100-Model7-109-120", 
        "price": 868.0, 
        "url": "https://screen-house.com/buy/1100.json"
    }, 
    {
        "id": "Series1100-Model8-24-36", 
        "price": 269.0, 
        "url": "https://screen-house.com/buy/1100.json"
    }, 
    {
        "id": "Series1100-Model8-37-42", 
        "price": 295.0, 
        "url": "https://screen-house.com/buy/1100.json"
    }, 
    {
        "id": "Series1100-Model8-43-48", 
        "price": 320.0, 
        "url": "https://screen-house.com/buy/1100.json"
    }, 
    {
        "id": "Series1100-Model8-49-54", 
        "price": 346.0, 
        "url": "https://screen-house.com/buy/1100.json"
    }, 
    {
        "id": "Series1100-Model8-55-60", 
        "price": 369.0, 
        "url": "https://screen-house.com/buy/1100.json"
    }, 
    {
        "id": "Series1100-Model8-61-66", 
        "price": 410.0, 
        "url": "https://screen-house.com/buy/1100.json"
    }, 
    {
        "id": "Series1100-Model8-67-72", 
        "price": 429.0, 
        "url": "https://screen-house.com/buy/1100.json"
    }, 
    {
        "id": "Series1100-Model8-73-84", 
        "price": 476.0, 
        "url": "https://screen-house.com/buy/1100.json"
    }, 
    {
        "id": "Series1100-Model8-85-96", 
        "price": 526.0, 
        "url": "https://screen-house.com/buy/1100.json"
    }, 
    {
        "id": "Series1100-Model8-97-108", 
        "price": 869.0, 
        "url": "https://screen-house.com/buy/1100.json"
    }, 
    {
        "id": "Series1100-Model8-109-120", 
        "price": 943.0, 
        "url": "https://screen-house.com/buy/1100.json"
    }, 
    {
        "id": "Series1100-Model9-24-36", 
        "price": 302.0, 
        "url": "https://screen-house.com/buy/1100.json"
    }, 
    {
        "id": "Series1100-Model9-37-42", 
        "price": 332.0, 
        "url": "https://screen-house.com/buy/1100.json"
    }, 
    {
        "id": "Series1100-Model9-43-48", 
        "price": 360.0, 
        "url": "https://screen-house.com/buy/1100.json"
    }, 
    {
        "id": "Series1100-Model9-49-54", 
        "price": 389.0, 
        "url": "https://screen-house.com/buy/1100.json"
    }, 
    {
        "id": "Series1100-Model9-55-60", 
        "price": 415.0, 
        "url": "https://screen-house.com/buy/1100.json"
    }, 
    {
        "id": "Series1100-Model9-61-66", 
        "price": 443.0, 
        "url": "https://screen-house.com/buy/1100.json"
    }, 
    {
        "id": "Series1100-Model9-67-72", 
        "price": 465.0, 
        "url": "https://screen-house.com/buy/1100.json"
    }, 
    {
        "id": "Series1100-Model9-73-84", 
        "price": 515.0, 
        "url": "https://screen-house.com/buy/1100.json"
    }, 
    {
        "id": "Series1100-Model9-85-96", 
        "price": 569.0, 
        "url": "https://screen-house.com/buy/1100.json"
    }, 
    {
        "id": "Series1100-Model9-97-108", 
        "price": 917.0, 
        "url": "https://screen-house.com/buy/1100.json"
    }, 
    {
        "id": "Series1100-Model9-109-120", 
        "price": 997.0, 
        "url": "https://screen-house.com/buy/1100.json"
    }, 
    {
        "id": "Series1100-Model10-24-36", 
        "price": 338.0, 
        "url": "https://screen-house.com/buy/1100.json"
    }, 
    {
        "id": "Series1100-Model10-37-42", 
        "price": 355.0, 
        "url": "https://screen-house.com/buy/1100.json"
    }, 
    {
        "id": "Series1100-Model10-43-48", 
        "price": 386.0, 
        "url": "https://screen-house.com/buy/1100.json"
    }, 
    {
        "id": "Series1100-Model10-49-54", 
        "price": 418.0, 
        "url": "https://screen-house.com/buy/1100.json"
    }, 
    {
        "id": "Series1100-Model10-55-60", 
        "price": 445.0, 
        "url": "https://screen-house.com/buy/1100.json"
    }, 
    {
        "id": "Series1100-Model10-61-66", 
        "price": 476.0, 
        "url": "https://screen-house.com/buy/1100.json"
    }, 
    {
        "id": "Series1100-Model10-67-72", 
        "price": 499.0, 
        "url": "https://screen-house.com/buy/1100.json"
    }, 
    {
        "id": "Series1100-Model10-73-84", 
        "price": 532.0, 
        "url": "https://screen-house.com/buy/1100.json"
    }, 
    {
        "id": "Series1100-Model10-85-96", 
        "price": 610.0, 
        "url": "https://screen-house.com/buy/1100.json"
    }, 
    {
        "id": "Series1100-Model10-97-108", 
        "price": 963.0, 
        "url": "https://screen-house.com/buy/1100.json"
    }, 
    {
        "id": "Series1100-Model10-109-120", 
        "price": 1048.0, 
        "url": "https://screen-house.com/buy/1100.json"
    }
]