[
    {
        "id": "Series1500-Model4-24-36", 
        "price": 268.0, 
        "url": "https://screen-house.com/buy/1500.json"
    }, 
    {
        "id": "Series1500-Model4-37-42", 
        "price": 290.0, 
        "url": "https://screen-house.com/buy/1500.json"
    }, 
    {
        "id": "Series1500-Model4-43-48", 
        "price": 309.0, 
        "url": "https://screen-house.com/buy/1500.json"
    }, 
    {
        "id": "Series1500-Model4-49-54", 
        "price": 315.0, 
        "url": "https://screen-house.com/buy/1500.json"
    }, 
    {
        "id": "Series1500-Model4-55-60", 
        "price": 335.0, 
        "url": "https://screen-house.com/buy/1500.json"
    }, 
    {
        "id": "Series1500-Model4-61-66", 
        "price": 355.0, 
        "url": "https://screen-house.com/buy/1500.json"
    }, 
    {
        "id": "Series1500-Model4-67-72", 
        "price": 385.0, 
        "url": "https://screen-house.com/buy/1500.json"
    }, 
    {
        "id": "Series1500-Model4-73-84", 
        "price": 443.0, 
        "url": "https://screen-house.com/buy/1500.json"
    }, 
    {
        "id": "Series1500-Model4-85-96", 
        "price": 488.0, 
        "url": "https://screen-house.com/buy/1500.json"
    }, 
    {
        "id": "Series1500-Model4-97-108", 
        "price": 826.0, 
        "url": "https://screen-house.com/buy/1500.json"
    }, 
    {
        "id": "Series1500-Model4-109-120", 
        "price": 896.0, 
        "url": "https://screen-house.com/buy/1500.json"
    }, 
    {
        "id": "Series1500-Model5-24-36", 
        "price": 282.0, 
        "url": "https://screen-house.com/buy/1500.json"
    }, 
    {
        "id": "Series1500-Model5-37-42", 
        "price": 319.0, 
        "url": "https://screen-house.com/buy/1500.json"
    }, 
    {
        "id": "Series1500-Model5-43-48", 
        "price": 325.0, 
        "url": "https://screen-house.com/buy/1500.json"
    }, 
    {
        "id": "Series1500-Model5-49-54", 
        "price": 346.0, 
        "url": "https://screen-house.com/buy/1500.json"
    }, 
    {
        "id": "Series1500-Model5-55-60", 
        "price": 350.0, 
        "url": "https://screen-house.com/buy/1500.json"
    }, 
    {
        "id": "Series1500-Model5-61-66", 
        "price": 375.0, 
        "url": "https://screen-house.com/buy/1500.json"
    }, 
    {
        "id": "Series1500-Model5-67-72", 
        "price": 405.0, 
        "url": "https://screen-house.com/buy/1500.json"
    }, 
    {
        "id": "Series1500-Model5-73-84", 
        "price": 462.0, 
        "url": "https://screen-house.com/buy/1500.json"
    }, 
    {
        "id": "Series1500-Model5-85-96", 
        "price": 510.0, 
        "url": "https://screen-house.com/buy/1500.json"
    }, 
    {
        "id": "Series1500-Model5-97-108", 
        "price": 851.0, 
        "url": "https://screen-house.com/buy/1500.json"
    }, 
    {
        "id": "Series1500-Model5-109-120", 
        "price": 923.0, 
        "url": "https://screen-house.com/buy/1500.json"
    }, 
    {
        "id": "Series1500-Model6-24-36", 
        "price": 300.0, 
        "url": "https://screen-house.com/buy/1500.json"
    }, 
    {
        "id": "Series1500-Model6-37-42", 
        "price": 325.0, 
        "url": "https://screen-house.com/buy/1500.json"
    }, 
    {
        "id": "Series1500-Model6-43-48", 
        "price": 345.0, 
        "url": "https://screen-house.com/buy/1500.json"
    }, 
    {
        "id": "Series1500-Model6-49-54", 
        "price": 353.0, 
        "url": "https://screen-house.com/buy/1500.json"
    }, 
    {
        "id": "Series1500-Model6-55-60", 
        "price": 372.0, 
        "url": "https://screen-house.com/buy/1500.json"
    }, 
    {
        "id": "Series1500-Model6-61-66", 
        "price": 386.0, 
        "url": "https://screen-house.com/buy/1500.json"
    }, 
    {
        "id": "Series1500-Model6-67-72", 
        "price": 432.0, 
        "url": "https://screen-house.com/buy/1500.json"
    }, 
    {
        "id": "Series1500-Model6-73-84", 
        "price": 472.0, 
        "url": "https://screen-house.com/buy/1500.json"
    }, 
    {
        "id": "Series1500-Model6-85-96", 
        "price": 526.0, 
        "url": "https://screen-house.com/buy/1500.json"
    }, 
    {
        "id": "Series1500-Model6-97-108", 
        "price": 869.0, 
        "url": "https://screen-house.com/buy/1500.json"
    }, 
    {
        "id": "Series1500-Model6-109-120", 
        "price": 943.0, 
        "url": "https://screen-house.com/buy/1500.json"
    }, 
    {
        "id": "Series1500-Model7-24-36", 
        "price": 326.0, 
        "url": "https://screen-house.com/buy/1500.json"
    }, 
    {
        "id": "Series1500-Model7-37-42", 
        "price": 352.0, 
        "url": "https://screen-house.com/buy/1500.json"
    }, 
    {
        "id": "Series1500-Model7-43-48", 
        "price": 360.0, 
        "url": "https://screen-house.com/buy/1500.json"
    }, 
    {
        "id": "Series1500-Model7-49-54", 
        "price": 382.0, 
        "url": "https://screen-house.com/buy/1500.json"
    }, 
    {
        "id": "Series1500-Model7-55-60", 
        "price": 388.0, 
        "url": "https://screen-house.com/buy/1500.json"
    }, 
    {
        "id": "Series1500-Model7-61-66", 
        "price": 403.0, 
        "url": "https://screen-house.com/buy/1500.json"
    }, 
    {
        "id": "Series1500-Model7-67-72", 
        "price": 449.0, 
        "url": "https://screen-house.com/buy/1500.json"
    }, 
    {
        "id": "Series1500-Model7-73-84", 
        "price": 490.0, 
        "url": "https://screen-house.com/buy/1500.json"
    }, 
    {
        "id": "Series1500-Model7-85-96", 
        "price": 546.0, 
        "url": "https://screen-house.com/buy/1500.json"
    }, 
    {
        "id": "Series1500-Model7-97-108", 
        "price": 891.0, 
        "url": "https://screen-house.com/buy/1500.json"
    }, 
    {
        "id": "Series1500-Model7-109-120", 
        "price": 968.0, 
        "url": "https://screen-house.com/buy/1500.json"
    }, 
    {
        "id": "Series1500-Model8-24-36", 
        "price": 358.0, 
        "url": "https://screen-house.com/buy/1500.json"
    }, 
    {
        "id": "Series1500-Model8-37-42", 
        "price": 385.0, 
        "url": "https://screen-house.com/buy/1500.json"
    }, 
    {
        "id": "Series1500-Model8-43-48", 
        "price": 408.0, 
        "url": "https://screen-house.com/buy/1500.json"
    }, 
    {
        "id": "Series1500-Model8-49-54", 
        "price": 449.0, 
        "url": "https://screen-house.com/buy/1500.json"
    }, 
    {
        "id": "Series1500-Model8-55-60", 
        "price": 470.0, 
        "url": "https://screen-house.com/buy/1500.json"
    }, 
    {
        "id": "Series1500-Model8-61-66", 
        "price": 488.0, 
        "url": "https://screen-house.com/buy/1500.json"
    }, 
    {
        "id": "Series1500-Model8-67-72", 
        "price": 525.0, 
        "url": "https://screen-house.com/buy/1500.json"
    }, 
    {
        "id": "Series1500-Model8-73-84", 
        "price": 570.0, 
        "url": "https://screen-house.com/buy/1500.json"
    }, 
    {
        "id": "Series1500-Model8-85-96", 
        "price": 630.0, 
        "url": "https://screen-house.com/buy/1500.json"
    }, 
    {
        "id": "Series1500-Model8-97-108", 
        "price": 986.0, 
        "url": "https://screen-house.com/buy/1500.json"
    }, 
    {
        "id": "Series1500-Model8-109-120", 
        "price": 1073.0, 
        "url": "https://screen-house.com/buy/1500.json"
    }, 
    {
        "id": "Series1500-Model9-24-36", 
        "price": 410.0, 
        "url": "https://screen-house.com/buy/1500.json"
    }, 
    {
        "id": "Series1500-Model9-37-42", 
        "price": 425.0, 
        "url": "https://screen-house.com/buy/1500.json"
    }, 
    {
        "id": "Series1500-Model9-43-48", 
        "price": 450.0, 
        "url": "https://screen-house.com/buy/1500.json"
    }, 
    {
        "id": "Series1500-Model9-49-54", 
        "price": 476.0, 
        "url": "https://screen-house.com/buy/1500.json"
    }, 
    {
        "id": "Series1500-Model9-55-60", 
        "price": 519.0, 
        "url": "https://screen-house.com/buy/1500.json"
    }, 
    {
        "id": "Series1500-Model9-61-66", 
        "price": 538.0, 
        "url": "https://screen-house.com/buy/1500.json"
    }, 
    {
        "id": "Series1500-Model9-67-72", 
        "price": 578.0, 
        "url": "https://screen-house.com/buy/1500.json"
    }, 
    {
        "id": "Series1500-Model9-73-84", 
        "price": 603.0, 
        "url": "https://screen-house.com/buy/1500.json"
    }, 
    {
        "id": "Series1500-Model9-85-96", 
        "price": 668.0, 
        "url": "https://screen-house.com/buy/1500.json"
    }, 
    {
        "id": "Series1500-Model9-97-108", 
        "price": 1029.0, 
        "url": "https://screen-house.com/buy/1500.json"
    }, 
    {
        "id": "Series1500-Model9-109-120", 
        "price": 1121.0, 
        "url": "https://screen-house.com/buy/1500.json"
    }, 
    {
        "id": "Series1500-Model10-24-36", 
        "price": 452.0, 
        "url": "https://screen-house.com/buy/1500.json"
    }, 
    {
        "id": "Series1500-Model10-37-42", 
        "price": 485.0, 
        "url": "https://screen-house.com/buy/1500.json"
    }, 
    {
        "id": "Series1500-Model10-43-48", 
        "price": 512.0, 
        "url": "https://screen-house.com/buy/1500.json"
    }, 
    {
        "id": "Series1500-Model10-49-54", 
        "price": 539.0, 
        "url": "https://screen-house.com/buy/1500.json"
    }, 
    {
        "id": "Series1500-Model10-55-60", 
        "price": 563.0, 
        "url": "https://screen-house.com/buy/1500.json"
    }, 
    {
        "id": "Series1500-Model10-61-66", 
        "price": 583.0, 
        "url": "https://screen-house.com/buy/1500.json"
    }, 
    {
        "id": "Series1500-Model10-67-72", 
        "price": 603.0, 
        "url": "https://screen-house.com/buy/1500.json"
    }, 
    {
        "id": "Series1500-Model10-73-84", 
        "price": 650.0, 
        "url": "https://screen-house.com/buy/1500.json"
    }, 
    {
        "id": "Series1500-Model10-85-96", 
        "price": 718.0, 
        "url": "https://screen-house.com/buy/1500.json"
    }, 
    {
        "id": "Series1500-Model10-97-108", 
        "price": 1085.0, 
        "url": "https://screen-house.com/buy/1500.json"
    }, 
    {
        "id": "Series1500-Model10-109-120", 
        "price": 1183.0, 
        "url": "https://screen-house.com/buy/1500.json"
    }
]