[
    {
        "id": "Series2700-Model4-24-36", 
        "price": 262.0, 
        "url": "https://screen-house.com/buy/2700.json"
    }, 
    {
        "id": "Series2700-Model4-37-42", 
        "price": 268.0, 
        "url": "https://screen-house.com/buy/2700.json"
    }, 
    {
        "id": "Series2700-Model4-43-48", 
        "price": 275.0, 
        "url": "https://screen-house.com/buy/2700.json"
    }, 
    {
        "id": "Series2700-Model4-49-54", 
        "price": 283.0, 
        "url": "https://screen-house.com/buy/2700.json"
    }, 
    {
        "id": "Series2700-Model4-55-60", 
        "price": 300.0, 
        "url": "https://screen-house.com/buy/2700.json"
    }, 
    {
        "id": "Series2700-Model4-61-66", 
        "price": 343.0, 
        "url": "https://screen-house.com/buy/2700.json"
    }, 
    {
        "id": "Series2700-Model4-67-72", 
        "price": 346.0, 
        "url": "https://screen-house.com/buy/2700.json"
    }, 
    {
        "id": "Series2700-Model4-73-84", 
        "price": 353.0, 
        "url": "https://screen-house.com/buy/2700.json"
    }, 
    {
        "id": "Series2700-Model4-85-96", 
        "price": 400.0, 
        "url": "https://screen-house.com/buy/2700.json"
    }, 
    {
        "id": "Series2700-Model4-97-108", 
        "price": 727.0, 
        "url": "https://screen-house.com/buy/2700.json"
    }, 
    {
        "id": "Series2700-Model4-109-120", 
        "price": 786.0, 
        "url": "https://screen-house.com/buy/2700.json"
    }, 
    {
        "id": "Series2700-Model5-24-36", 
        "price": 278.0, 
        "url": "https://screen-house.com/buy/2700.json"
    }, 
    {
        "id": "Series2700-Model5-37-42", 
        "price": 283.0, 
        "url": "https://screen-house.com/buy/2700.json"
    }, 
    {
        "id": "Series2700-Model5-43-48", 
        "price": 290.0, 
        "url": "https://screen-house.com/buy/2700.json"
    }, 
    {
        "id": "Series2700-Model5-49-54", 
        "price": 298.0, 
        "url": "https://screen-house.com/buy/2700.json"
    }, 
    {
        "id": "Series2700-Model5-55-60", 
        "price": 315.0, 
        "url": "https://screen-house.com/buy/2700.json"
    }, 
    {
        "id": "Series2700-Model5-61-66", 
        "price": 346.0, 
        "url": "https://screen-house.com/buy/2700.json"
    }, 
    {
        "id": "Series2700-Model5-67-72", 
        "price": 348.0, 
        "url": "https://screen-house.com/buy/2700.json"
    }, 
    {
        "id": "Series2700-Model5-73-84", 
        "price": 360.0, 
        "url": "https://screen-house.com/buy/2700.json"
    }, 
    {
        "id": "Series2700-Model5-85-96", 
        "price": 412.0, 
        "url": "https://screen-house.com/buy/2700.json"
    }, 
    {
        "id": "Series2700-Model5-97-108", 
        "price": 741.0, 
        "url": "https://screen-house.com/buy/2700.json"
    }, 
    {
        "id": "Series2700-Model5-109-120", 
        "price": 801.0, 
        "url": "https://screen-house.com/buy/2700.json"
    }, 
    {
        "id": "Series2700-Model6-24-36", 
        "price": 279.0, 
        "url": "https://screen-house.com/buy/2700.json"
    }, 
    {
        "id": "Series2700-Model6-37-42", 
        "price": 288.0, 
        "url": "https://screen-house.com/buy/2700.json"
    }, 
    {
        "id": "Series2700-Model6-43-48", 
        "price": 299.0, 
        "url": "https://screen-house.com/buy/2700.json"
    }, 
    {
        "id": "Series2700-Model6-49-54", 
        "price": 303.0, 
        "url": "https://screen-house.com/buy/2700.json"
    }, 
    {
        "id": "Series2700-Model6-55-60", 
        "price": 319.0, 
        "url": "https://screen-house.com/buy/2700.json"
    }, 
    {
        "id": "Series2700-Model6-61-66", 
        "price": 348.0, 
        "url": "https://screen-house.com/buy/2700.json"
    }, 
    {
        "id": "Series2700-Model6-67-72", 
        "price": 353.0, 
        "url": "https://screen-house.com/buy/2700.json"
    }, 
    {
        "id": "Series2700-Model6-73-84", 
        "price": 365.0, 
        "url": "https://screen-house.com/buy/2700.json"
    }, 
    {
        "id": "Series2700-Model6-85-96", 
        "price": 450.0, 
        "url": "https://screen-house.com/buy/2700.json"
    }, 
    {
        "id": "Series2700-Model6-97-108", 
        "price": 783.0, 
        "url": "https://screen-house.com/buy/2700.json"
    }, 
    {
        "id": "Series2700-Model6-109-120", 
        "price": 848.0, 
        "url": "https://screen-house.com/buy/2700.json"
    }, 
    {
        "id": "Series2700-Model7-24-36", 
        "price": 292.0, 
        "url": "https://screen-house.com/buy/2700.json"
    }, 
    {
        "id": "Series2700-Model7-37-42", 
        "price": 298.0, 
        "url": "https://screen-house.com/buy/2700.json"
    }, 
    {
        "id": "Series2700-Model7-43-48", 
        "price": 303.0, 
        "url": "https://screen-house.com/buy/2700.json"
    }, 
    {
        "id": "Series2700-Model7-49-54", 
        "price": 310.0, 
        "url": "https://screen-house.com/buy/2700.json"
    }, 
    {
        "id": "Series2700-Model7-55-60", 
        "price": 325.0, 
        "url": "https://screen-house.com/buy/2700.json"
    }, 
    {
        "id": "Series2700-Model7-61-66", 
        "price": 360.0, 
        "url": "https://screen-house.com/buy/2700.json"
    }, 
    {
        "id": "Series2700-Model7-67-72", 
        "price": 366.0, 
        "url": "https://screen-house.com/buy/2700.json"
    }, 
    {
        "id": "Series2700-Model7-73-84", 
        "price": 378.0, 
        "url": "https://screen-house.com/buy/2700.json"
    }, 
    {
        "id": "Series2700-Model7-85-96", 
        "price": 462.0, 
        "url": "https://screen-house.com/buy/2700.json"
    }, 
    {
        "id": "Series2700-Model7-97-108", 
        "price": 797.0, 
        "url": "https://screen-house.com/buy/2700.json"
    }, 
    {
        "id": "Series2700-Model7-109-120", 
        "price": 863.0, 
        "url": "https://screen-house.com/buy/2700.json"
    }, 
    {
        "id": "Series2700-Model8-24-36", 
        "price": 335.0, 
        "url": "https://screen-house.com/buy/2700.json"
    }, 
    {
        "id": "Series2700-Model8-37-42", 
        "price": 349.0, 
        "url": "https://screen-house.com/buy/2700.json"
    }, 
    {
        "id": "Series2700-Model8-43-48", 
        "price": 346.0, 
        "url": "https://screen-house.com/buy/2700.json"
    }, 
    {
        "id": "Series2700-Model8-49-54", 
        "price": 353.0, 
        "url": "https://screen-house.com/buy/2700.json"
    }, 
    {
        "id": "Series2700-Model8-55-60", 
        "price": 368.0, 
        "url": "https://screen-house.com/buy/2700.json"
    }, 
    {
        "id": "Series2700-Model8-61-66", 
        "price": 405.0, 
        "url": "https://screen-house.com/buy/2700.json"
    }, 
    {
        "id": "Series2700-Model8-67-72", 
        "price": 410.0, 
        "url": "https://screen-house.com/buy/2700.json"
    }, 
    {
        "id": "Series2700-Model8-73-84", 
        "price": 422.0, 
        "url": "https://screen-house.com/buy/2700.json"
    }, 
    {
        "id": "Series2700-Model8-85-96", 
        "price": 500.0, 
        "url": "https://screen-house.com/buy/2700.json"
    }, 
    {
        "id": "Series2700-Model8-97-108", 
        "price": 840.0, 
        "url": "https://screen-house.com/buy/2700.json"
    }, 
    {
        "id": "Series2700-Model8-109-120", 
        "price": 911.0, 
        "url": "https://screen-house.com/buy/2700.json"
    }
]