[
    {
        "id": "Series3100-Model4-24-36", 
        "price": 216.0, 
        "url": "https://screen-house.com/buy/3100.json"
    }, 
    {
        "id": "Series3100-Model4-37-42", 
        "price": 233.0, 
        "url": "https://screen-house.com/buy/3100.json"
    }, 
    {
        "id": "Series3100-Model4-43-48", 
        "price": 246.0, 
        "url": "https://screen-house.com/buy/3100.json"
    }, 
    {
        "id": "Series3100-Model4-19-54", 
        "price": 269.0, 
        "url": "https://screen-house.com/buy/3100.json"
    }, 
    {
        "id": "Series3100-Model4-55-60", 
        "price": 276.0, 
        "url": "https://screen-house.com/buy/3100.json"
    }, 
    {
        "id": "Series3100-Model4-61-66", 
        "price": 286.0, 
        "url": "https://screen-house.com/buy/3100.json"
    }, 
    {
        "id": "Series3100-Model4-67-72", 
        "price": 299.0, 
        "url": "https://screen-house.com/buy/3100.json"
    }, 
    {
        "id": "Series3100-Model4-73-84", 
        "price": 335.0, 
        "url": "https://screen-house.com/buy/3100.json"
    }, 
    {
        "id": "Series3100-Model4-85-96", 
        "price": 382.0, 
        "url": "https://screen-house.com/buy/3100.json"
    }, 
    {
        "id": "Series3100-Model4-97-108", 
        "price": 707.0, 
        "url": "https://screen-house.com/buy/3100.json"
    }, 
    {
        "id": "Series3100-Model4-109-120", 
        "price": 763.0, 
        "url": "https://screen-house.com/buy/3100.json"
    }, 
    {
        "id": "Series3100-Model5-24-36", 
        "price": 233.0, 
        "url": "https://screen-house.com/buy/3100.json"
    }, 
    {
        "id": "Series3100-Model5-37-42", 
        "price": 252.0, 
        "url": "https://screen-house.com/buy/3100.json"
    }, 
    {
        "id": "Series3100-Model5-43-48", 
        "price": 266.0, 
        "url": "https://screen-house.com/buy/3100.json"
    }, 
    {
        "id": "Series3100-Model5-49-54", 
        "price": 276.0, 
        "url": "https://screen-house.com/buy/3100.json"
    }, 
    {
        "id": "Series3100-Model5-55-60", 
        "price": 283.0, 
        "url": "https://screen-house.com/buy/3100.json"
    }, 
    {
        "id": "Series3100-Model5-61-66", 
        "price": 299.0, 
        "url": "https://screen-house.com/buy/3100.json"
    }, 
    {
        "id": "Series3100-Model5-67-72", 
        "price": 312.0, 
        "url": "https://screen-house.com/buy/3100.json"
    }, 
    {
        "id": "Series3100-Model5-73-84", 
        "price": 312.0, 
        "url": "https://screen-house.com/buy/3100.json"
    }, 
    {
        "id": "Series3100-Model5-85-96", 
        "price": 385.0, 
        "url": "https://screen-house.com/buy/3100.json"
    }, 
    {
        "id": "Series3100-Model5-97-108", 
        "price": 710.0, 
        "url": "https://screen-house.com/buy/3100.json"
    }, 
    {
        "id": "Series3100-Model5-109-120", 
        "price": 767.0, 
        "url": "https://screen-house.com/buy/3100.json"
    }, 
    {
        "id": "Series3100-Model6-24-36", 
        "price": 236.0, 
        "url": "https://screen-house.com/buy/3100.json"
    }, 
    {
        "id": "Series3100-Model6-37-42", 
        "price": 255.0, 
        "url": "https://screen-house.com/buy/3100.json"
    }, 
    {
        "id": "Series3100-Model6-43-48", 
        "price": 270.0, 
        "url": "https://screen-house.com/buy/3100.json"
    }, 
    {
        "id": "Series3100-Model6-49-54", 
        "price": 280.0, 
        "url": "https://screen-house.com/buy/3100.json"
    }, 
    {
        "id": "Series3100-Model6-55-60", 
        "price": 288.0, 
        "url": "https://screen-house.com/buy/3100.json"
    }, 
    {
        "id": "Series3100-Model6-61-66", 
        "price": 308.0, 
        "url": "https://screen-house.com/buy/3100.json"
    }, 
    {
        "id": "Series3100-Model6-67-72", 
        "price": 320.0, 
        "url": "https://screen-house.com/buy/3100.json"
    }, 
    {
        "id": "Series3100-Model6-73-84", 
        "price": 346.0, 
        "url": "https://screen-house.com/buy/3100.json"
    }, 
    {
        "id": "Series3100-Model6-85-96", 
        "price": 386.0, 
        "url": "https://screen-house.com/buy/3100.json"
    }, 
    {
        "id": "Series3100-Model6-97-108", 
        "price": 711.0, 
        "url": "https://screen-house.com/buy/3100.json"
    }, 
    {
        "id": "Series3100-Model6-109-120", 
        "price": 768.0, 
        "url": "https://screen-house.com/buy/3100.json"
    }, 
    {
        "id": "Series3100-Model7-24-36", 
        "price": 239.0, 
        "url": "https://screen-house.com/buy/3100.json"
    }, 
    {
        "id": "Series3100-Model7-37-42", 
        "price": 258.0, 
        "url": "https://screen-house.com/buy/3100.json"
    }, 
    {
        "id": "Series3100-Model7-43-48", 
        "price": 275.0, 
        "url": "https://screen-house.com/buy/3100.json"
    }, 
    {
        "id": "Series3100-Model7-89-54", 
        "price": 285.0, 
        "url": "https://screen-house.com/buy/3100.json"
    }, 
    {
        "id": "Series3100-Model7-55-60", 
        "price": 299.0, 
        "url": "https://screen-house.com/buy/3100.json"
    }, 
    {
        "id": "Series3100-Model7-61-66", 
        "price": 316.0, 
        "url": "https://screen-house.com/buy/3100.json"
    }, 
    {
        "id": "Series3100-Model7-67-72", 
        "price": 329.0, 
        "url": "https://screen-house.com/buy/3100.json"
    }, 
    {
        "id": "Series3100-Model7-73-84", 
        "price": 356.0, 
        "url": "https://screen-house.com/buy/3100.json"
    }, 
    {
        "id": "Series3100-Model7-85-96", 
        "price": 402.0, 
        "url": "https://screen-house.com/buy/3100.json"
    }, 
    {
        "id": "Series3100-Model7-97-108", 
        "price": 729.0, 
        "url": "https://screen-house.com/buy/3100.json"
    }, 
    {
        "id": "Series3100-Model7-109-120", 
        "price": 788.0, 
        "url": "https://screen-house.com/buy/3100.json"
    }, 
    {
        "id": "Series3100-Model8-24-36", 
        "price": 275.0, 
        "url": "https://screen-house.com/buy/3100.json"
    }, 
    {
        "id": "Series3100-Model8-37-42", 
        "price": 283.0, 
        "url": "https://screen-house.com/buy/3100.json"
    }, 
    {
        "id": "Series3100-Model8-43-48", 
        "price": 300.0, 
        "url": "https://screen-house.com/buy/3100.json"
    }, 
    {
        "id": "Series3100-Model8-49-54", 
        "price": 312.0, 
        "url": "https://screen-house.com/buy/3100.json"
    }, 
    {
        "id": "Series3100-Model8-55-60", 
        "price": 320.0, 
        "url": "https://screen-house.com/buy/3100.json"
    }, 
    {
        "id": "Series3100-Model8-61-66", 
        "price": 348.0, 
        "url": "https://screen-house.com/buy/3100.json"
    }, 
    {
        "id": "Series3100-Model8-67-72", 
        "price": 350.0, 
        "url": "https://screen-house.com/buy/3100.json"
    }, 
    {
        "id": "Series3100-Model8-73-84", 
        "price": 378.0, 
        "url": "https://screen-house.com/buy/3100.json"
    }, 
    {
        "id": "Series3100-Model8-85-96", 
        "price": 428.0, 
        "url": "https://screen-house.com/buy/3100.json"
    }, 
    {
        "id": "Series3100-Model8-97-108", 
        "price": 759.0, 
        "url": "https://screen-house.com/buy/3100.json"
    }, 
    {
        "id": "Series3100-Model8-109-120", 
        "price": 821.0, 
        "url": "https://screen-house.com/buy/3100.json"
    }
]