[
    {
        "id": "Series3300-Model4-24-36", 
        "price": 213.0, 
        "url": "https://screen-house.com/buy/3300.json"
    }, 
    {
        "id": "Series3300-Model4-37-42", 
        "price": 229.0, 
        "url": "https://screen-house.com/buy/3300.json"
    }, 
    {
        "id": "Series3300-Model4-43-48", 
        "price": 256.0, 
        "url": "https://screen-house.com/buy/3300.json"
    }, 
    {
        "id": "Series3300-Model4-49-54", 
        "price": 268.0, 
        "url": "https://screen-house.com/buy/3300.json"
    }, 
    {
        "id": "Series3300-Model4-55-60", 
        "price": 279.0, 
        "url": "https://screen-house.com/buy/3300.json"
    }, 
    {
        "id": "Series3300-Model4-61-66", 
        "price": 293.0, 
        "url": "https://screen-house.com/buy/3300.json"
    }, 
    {
        "id": "Series3300-Model4-67-72", 
        "price": 300.0, 
        "url": "https://screen-house.com/buy/3300.json"
    }, 
    {
        "id": "Series3300-Model4-73-84", 
        "price": 323.0, 
        "url": "https://screen-house.com/buy/3300.json"
    }, 
    {
        "id": "Series3300-Model4-85-96", 
        "price": 383.0, 
        "url": "https://screen-house.com/buy/3300.json"
    }, 
    {
        "id": "Series3300-Model4-97-108", 
        "price": 708.0, 
        "url": "https://screen-house.com/buy/3300.json"
    }, 
    {
        "id": "Series3300-Model4-109-120", 
        "price": 764.0, 
        "url": "https://screen-house.com/buy/3300.json"
    }, 
    {
        "id": "Series3300-Model5-24-36", 
        "price": 220.0, 
        "url": "https://screen-house.com/buy/3300.json"
    }, 
    {
        "id": "Series3300-Model5-37-42", 
        "price": 238.0, 
        "url": "https://screen-house.com/buy/3300.json"
    }, 
    {
        "id": "Series3300-Model5-43-48", 
        "price": 263.0, 
        "url": "https://screen-house.com/buy/3300.json"
    }, 
    {
        "id": "Series3300-Model5-49-54", 
        "price": 273.0, 
        "url": "https://screen-house.com/buy/3300.json"
    }, 
    {
        "id": "Series3300-Model5-55-60", 
        "price": 288.0, 
        "url": "https://screen-house.com/buy/3300.json"
    }, 
    {
        "id": "Series3300-Model5-61-66", 
        "price": 295.0, 
        "url": "https://screen-house.com/buy/3300.json"
    }, 
    {
        "id": "Series3300-Model5-67-72", 
        "price": 309.0, 
        "url": "https://screen-house.com/buy/3300.json"
    }, 
    {
        "id": "Series3300-Model5-73-84", 
        "price": 328.0, 
        "url": "https://screen-house.com/buy/3300.json"
    }, 
    {
        "id": "Series3300-Model5-85-96", 
        "price": 386.0, 
        "url": "https://screen-house.com/buy/3300.json"
    }, 
    {
        "id": "Series3300-Model5-97-108", 
        "price": 711.0, 
        "url": "https://screen-house.com/buy/3300.json"
    }, 
    {
        "id": "Series3300-Model5-109-120", 
        "price": 768.0, 
        "url": "https://screen-house.com/buy/3300.json"
    }, 
    {
        "id": "Series3300-Model6-24-36", 
        "price": 245.0, 
        "url": "https://screen-house.com/buy/3300.json"
    }, 
    {
        "id": "Series3300-Model6-37-42", 
        "price": 252.0, 
        "url": "https://screen-house.com/buy/3300.json"
    }, 
    {
        "id": "Series3300-Model6-43-48", 
        "price": 270.0, 
        "url": "https://screen-house.com/buy/3300.json"
    }, 
    {
        "id": "Series3300-Model6-49-54", 
        "price": 282.0, 
        "url": "https://screen-house.com/buy/3300.json"
    }, 
    {
        "id": "Series3300-Model6-55-60", 
        "price": 293.0, 
        "url": "https://screen-house.com/buy/3300.json"
    }, 
    {
        "id": "Series3300-Model6-61-66", 
        "price": 309.0, 
        "url": "https://screen-house.com/buy/3300.json"
    }, 
    {
        "id": "Series3300-Model6-67-72", 
        "price": 315.0, 
        "url": "https://screen-house.com/buy/3300.json"
    }, 
    {
        "id": "Series3300-Model6-73-84", 
        "price": 333.0, 
        "url": "https://screen-house.com/buy/3300.json"
    }, 
    {
        "id": "Series3300-Model6-85-96", 
        "price": 392.0, 
        "url": "https://screen-house.com/buy/3300.json"
    }, 
    {
        "id": "Series3300-Model6-97-108", 
        "price": 718.0, 
        "url": "https://screen-house.com/buy/3300.json"
    }, 
    {
        "id": "Series3300-Model6-109-120", 
        "price": 776.0, 
        "url": "https://screen-house.com/buy/3300.json"
    }, 
    {
        "id": "Series3300-Model7-24-36", 
        "price": 259.0, 
        "url": "https://screen-house.com/buy/3300.json"
    }, 
    {
        "id": "Series3300-Model7-37-42", 
        "price": 270.0, 
        "url": "https://screen-house.com/buy/3300.json"
    }, 
    {
        "id": "Series3300-Model7-43-48", 
        "price": 278.0, 
        "url": "https://screen-house.com/buy/3300.json"
    }, 
    {
        "id": "Series3300-Model7-49-54", 
        "price": 289.0, 
        "url": "https://screen-house.com/buy/3300.json"
    }, 
    {
        "id": "Series3300-Model7-55-60", 
        "price": 302.0, 
        "url": "https://screen-house.com/buy/3300.json"
    }, 
    {
        "id": "Series3300-Model7-61-66", 
        "price": 310.0, 
        "url": "https://screen-house.com/buy/3300.json"
    }, 
    {
        "id": "Series3300-Model7-67-72", 
        "price": 316.0, 
        "url": "https://screen-house.com/buy/3300.json"
    }, 
    {
        "id": "Series3300-Model7-73-84", 
        "price": 343.0, 
        "url": "https://screen-house.com/buy/3300.json"
    }, 
    {
        "id": "Series3300-Model7-85-96", 
        "price": 403.0, 
        "url": "https://screen-house.com/buy/3300.json"
    }, 
    {
        "id": "Series3300-Model7-97-108", 
        "price": 731.0, 
        "url": "https://screen-house.com/buy/3300.json"
    }, 
    {
        "id": "Series3300-Model7-109-120", 
        "price": 789.0, 
        "url": "https://screen-house.com/buy/3300.json"
    }, 
    {
        "id": "Series3300-Model8-24-36", 
        "price": 276.0, 
        "url": "https://screen-house.com/buy/3300.json"
    }, 
    {
        "id": "Series3300-Model8-37-42", 
        "price": 283.0, 
        "url": "https://screen-house.com/buy/3300.json"
    }, 
    {
        "id": "Series3300-Model8-43-48", 
        "price": 316.0, 
        "url": "https://screen-house.com/buy/3300.json"
    }, 
    {
        "id": "Series3300-Model8-49-54", 
        "price": 322.0, 
        "url": "https://screen-house.com/buy/3300.json"
    }, 
    {
        "id": "Series3300-Model8-55-60", 
        "price": 326.0, 
        "url": "https://screen-house.com/buy/3300.json"
    }, 
    {
        "id": "Series3300-Model8-61-66", 
        "price": 348.0, 
        "url": "https://screen-house.com/buy/3300.json"
    }, 
    {
        "id": "Series3300-Model8-67-72", 
        "price": 362.0, 
        "url": "https://screen-house.com/buy/3300.json"
    }, 
    {
        "id": "Series3300-Model8-73-84", 
        "price": 373.0, 
        "url": "https://screen-house.com/buy/3300.json"
    }, 
    {
        "id": "Series3300-Model8-85-96", 
        "price": 416.0, 
        "url": "https://screen-house.com/buy/3300.json"
    }, 
    {
        "id": "Series3300-Model8-97-108", 
        "price": 745.0, 
        "url": "https://screen-house.com/buy/3300.json"
    }, 
    {
        "id": "Series3300-Model8-190-120", 
        "price": 806.0, 
        "url": "https://screen-house.com/buy/3300.json"
    }
]