[
    {
        "id": "Series3500-Model4-24-36", 
        "price": 283.0, 
        "url": "https://screen-house.com/buy/3500.json"
    }, 
    {
        "id": "Series3500-Model4-37-42", 
        "price": 300.0, 
        "url": "https://screen-house.com/buy/3500.json"
    }, 
    {
        "id": "Series3500-Model4-43-48", 
        "price": 312.0, 
        "url": "https://screen-house.com/buy/3500.json"
    }, 
    {
        "id": "Series3500-Model4-49-54", 
        "price": 318.0, 
        "url": "https://screen-house.com/buy/3500.json"
    }, 
    {
        "id": "Series3500-Model4-55-60", 
        "price": 336.0, 
        "url": "https://screen-house.com/buy/3500.json"
    }, 
    {
        "id": "Series3500-Model4-61-66", 
        "price": 358.0, 
        "url": "https://screen-house.com/buy/3500.json"
    }, 
    {
        "id": "Series3500-Model4-67-72", 
        "price": 370.0, 
        "url": "https://screen-house.com/buy/3500.json"
    }, 
    {
        "id": "Series3500-Model4-73-84", 
        "price": 388.0, 
        "url": "https://screen-house.com/buy/3500.json"
    }, 
    {
        "id": "Series3500-Model4-85-96", 
        "price": 415.0, 
        "url": "https://screen-house.com/buy/3500.json"
    }, 
    {
        "id": "Series3500-Model4-97-108", 
        "price": 744.0, 
        "url": "https://screen-house.com/buy/3500.json"
    }, 
    {
        "id": "Series3500-Model4-109-120", 
        "price": 804.0, 
        "url": "https://screen-house.com/buy/3500.json"
    }, 
    {
        "id": "Series3500-Model5-24-36", 
        "price": 286.0, 
        "url": "https://screen-house.com/buy/3500.json"
    }, 
    {
        "id": "Series3500-Model5-37-42", 
        "price": 302.0, 
        "url": "https://screen-house.com/buy/3500.json"
    }, 
    {
        "id": "Series3500-Model5-43-48", 
        "price": 315.0, 
        "url": "https://screen-house.com/buy/3500.json"
    }, 
    {
        "id": "Series3500-Model5-49-54", 
        "price": 326.0, 
        "url": "https://screen-house.com/buy/3500.json"
    }, 
    {
        "id": "Series3500-Model5-55-60", 
        "price": 339.0, 
        "url": "https://screen-house.com/buy/3500.json"
    }, 
    {
        "id": "Series3500-Model5-61-66", 
        "price": 363.0, 
        "url": "https://screen-house.com/buy/3500.json"
    }, 
    {
        "id": "Series3500-Model5-67-72", 
        "price": 376.0, 
        "url": "https://screen-house.com/buy/3500.json"
    }, 
    {
        "id": "Series3500-Model5-73-84", 
        "price": 395.0, 
        "url": "https://screen-house.com/buy/3500.json"
    }, 
    {
        "id": "Series3500-Model5-85-96", 
        "price": 430.0, 
        "url": "https://screen-house.com/buy/3500.json"
    }, 
    {
        "id": "Series3500-Model5-97-108", 
        "price": 761.0, 
        "url": "https://screen-house.com/buy/3500.json"
    }, 
    {
        "id": "Series3500-Model5-109-120", 
        "price": 833.0, 
        "url": "https://screen-house.com/buy/3500.json"
    }, 
    {
        "id": "Series3500-Model6-24-36", 
        "price": 300.0, 
        "url": "https://screen-house.com/buy/3500.json"
    }, 
    {
        "id": "Series3500-Model6-37-42", 
        "price": 303.0, 
        "url": "https://screen-house.com/buy/3500.json"
    }, 
    {
        "id": "Series3500-Model6-43-48", 
        "price": 316.0, 
        "url": "https://screen-house.com/buy/3500.json"
    }, 
    {
        "id": "Series3500-Model6-49-54", 
        "price": 335.0, 
        "url": "https://screen-house.com/buy/3500.json"
    }, 
    {
        "id": "Series3500-Model6-55-60", 
        "price": 353.0, 
        "url": "https://screen-house.com/buy/3500.json"
    }, 
    {
        "id": "Series3500-Model6-61-66", 
        "price": 366.0, 
        "url": "https://screen-house.com/buy/3500.json"
    }, 
    {
        "id": "Series3500-Model6-67-72", 
        "price": 378.0, 
        "url": "https://screen-house.com/buy/3500.json"
    }, 
    {
        "id": "Series3500-Model6-73-84", 
        "price": 412.0, 
        "url": "https://screen-house.com/buy/3500.json"
    }, 
    {
        "id": "Series3500-Model6-85-96", 
        "price": 450.0, 
        "url": "https://screen-house.com/buy/3500.json"
    }, 
    {
        "id": "Series3500-Model6-97-108", 
        "price": 783.0, 
        "url": "https://screen-house.com/buy/3500.json"
    }, 
    {
        "id": "Series3500-Model6-109-120", 
        "price": 848.0, 
        "url": "https://screen-house.com/buy/3500.json"
    }, 
    {
        "id": "Series3500-Model7-24-36", 
        "price": 305.0, 
        "url": "https://screen-house.com/buy/3500.json"
    }, 
    {
        "id": "Series3500-Model7-37-42", 
        "price": 320.0, 
        "url": "https://screen-house.com/buy/3500.json"
    }, 
    {
        "id": "Series3500-Model7-43-48", 
        "price": 333.0, 
        "url": "https://screen-house.com/buy/3500.json"
    }, 
    {
        "id": "Series3500-Model7-49-54", 
        "price": 340.0, 
        "url": "https://screen-house.com/buy/3500.json"
    }, 
    {
        "id": "Series3500-Model7-55-60", 
        "price": 358.0, 
        "url": "https://screen-house.com/buy/3500.json"
    }, 
    {
        "id": "Series3500-Model7-61-66", 
        "price": 373.0, 
        "url": "https://screen-house.com/buy/3500.json"
    }, 
    {
        "id": "Series3500-Model7-67-72", 
        "price": 386.0, 
        "url": "https://screen-house.com/buy/3500.json"
    }, 
    {
        "id": "Series3500-Model7-73-84", 
        "price": 416.0, 
        "url": "https://screen-house.com/buy/3500.json"
    }, 
    {
        "id": "Series3500-Model7-85-96", 
        "price": 460.0, 
        "url": "https://screen-house.com/buy/3500.json"
    }, 
    {
        "id": "Series3500-Model7-97-108", 
        "price": 795.0, 
        "url": "https://screen-house.com/buy/3500.json"
    }, 
    {
        "id": "Series3500-Model7-109-120", 
        "price": 861.0, 
        "url": "https://screen-house.com/buy/3500.json"
    }, 
    {
        "id": "Series3500-Model8-24-36", 
        "price": 335.0, 
        "url": "https://screen-house.com/buy/3500.json"
    }, 
    {
        "id": "Series3500-Model8-37-42", 
        "price": 350.0, 
        "url": "https://screen-house.com/buy/3500.json"
    }, 
    {
        "id": "Series3500-Model8-43-48", 
        "price": 365.0, 
        "url": "https://screen-house.com/buy/3500.json"
    }, 
    {
        "id": "Series3500-Model8-49-54", 
        "price": 372.0, 
        "url": "https://screen-house.com/buy/3500.json"
    }, 
    {
        "id": "Series3500-Model8-55-60", 
        "price": 390.0, 
        "url": "https://screen-house.com/buy/3500.json"
    }, 
    {
        "id": "Series3500-Model8-61-66", 
        "price": 408.0, 
        "url": "https://screen-house.com/buy/3500.json"
    }, 
    {
        "id": "Series3500-Model8-67-72", 
        "price": 422.0, 
        "url": "https://screen-house.com/buy/3500.json"
    }, 
    {
        "id": "Series3500-Model8-73-84", 
        "price": 456.0, 
        "url": "https://screen-house.com/buy/3500.json"
    }, 
    {
        "id": "Series3500-Model8-85-96", 
        "price": 502.0, 
        "url": "https://screen-house.com/buy/3500.json"
    }, 
    {
        "id": "Series3500-Model8-97-108", 
        "price": 842.0, 
        "url": "https://screen-house.com/buy/3500.json"
    }, 
    {
        "id": "Series3500-Model8-109-120", 
        "price": 913.0, 
        "url": "https://screen-house.com/buy/3500.json"
    }
]