[
    {
        "id": "Series3700-Model4-24-36", 
        "price": 272.0, 
        "url": "https://screen-house.com/buy/3700.json"
    }, 
    {
        "id": "Series3700-Model4-37-42", 
        "price": 280.0, 
        "url": "https://screen-house.com/buy/3700.json"
    }, 
    {
        "id": "Series3700-Model4-43-48", 
        "price": 295.0, 
        "url": "https://screen-house.com/buy/3700.json"
    }, 
    {
        "id": "Series3700-Model4-49-54", 
        "price": 302.0, 
        "url": "https://screen-house.com/buy/3700.json"
    }, 
    {
        "id": "Series3700-Model4-55-60", 
        "price": 320.0, 
        "url": "https://screen-house.com/buy/3700.json"
    }, 
    {
        "id": "Series3700-Model4-61-66", 
        "price": 338.0, 
        "url": "https://screen-house.com/buy/3700.json"
    }, 
    {
        "id": "Series3700-Model4-67-72", 
        "price": 345.0, 
        "url": "https://screen-house.com/buy/3700.json"
    }, 
    {
        "id": "Series3700-Model4-73-84", 
        "price": 372.0, 
        "url": "https://screen-house.com/buy/3700.json"
    }, 
    {
        "id": "Series3700-Model4-85-96", 
        "price": 426.0, 
        "url": "https://screen-house.com/buy/3700.json"
    }, 
    {
        "id": "Series3700-Model4-97-108", 
        "price": 756.0, 
        "url": "https://screen-house.com/buy/3700.json"
    }, 
    {
        "id": "Series3700-Model4-109-120", 
        "price": 818.0, 
        "url": "https://screen-house.com/buy/3700.json"
    }, 
    {
        "id": "Series3700-Model5-24-36", 
        "price": 279.0, 
        "url": "https://screen-house.com/buy/3700.json"
    }, 
    {
        "id": "Series3700-Model5-37-42", 
        "price": 288.0, 
        "url": "https://screen-house.com/buy/3700.json"
    }, 
    {
        "id": "Series3700-Model5-43-48", 
        "price": 302.0, 
        "url": "https://screen-house.com/buy/3700.json"
    }, 
    {
        "id": "Series3700-Model5-49-54", 
        "price": 312.0, 
        "url": "https://screen-house.com/buy/3700.json"
    }, 
    {
        "id": "Series3700-Model5-55-60", 
        "price": 330.0, 
        "url": "https://screen-house.com/buy/3700.json"
    }, 
    {
        "id": "Series3700-Model5-61-66", 
        "price": 352.0, 
        "url": "https://screen-house.com/buy/3700.json"
    }, 
    {
        "id": "Series3700-Model5-67-72", 
        "price": 359.0, 
        "url": "https://screen-house.com/buy/3700.json"
    }, 
    {
        "id": "Series3700-Model5-73-84", 
        "price": 383.0, 
        "url": "https://screen-house.com/buy/3700.json"
    }, 
    {
        "id": "Series3700-Model5-85-96", 
        "price": 432.0, 
        "url": "https://screen-house.com/buy/3700.json"
    }, 
    {
        "id": "Series3700-Model5-97-108", 
        "price": 763.0, 
        "url": "https://screen-house.com/buy/3700.json"
    }, 
    {
        "id": "Series3700-Model5-109-120", 
        "price": 826.0, 
        "url": "https://screen-house.com/buy/3700.json"
    }, 
    {
        "id": "Series3700-Model6-24-36", 
        "price": 283.0, 
        "url": "https://screen-house.com/buy/3700.json"
    }, 
    {
        "id": "Series3700-Model6-37-42", 
        "price": 296.0, 
        "url": "https://screen-house.com/buy/3700.json"
    }, 
    {
        "id": "Series3700-Model6-43-48", 
        "price": 312.0, 
        "url": "https://screen-house.com/buy/3700.json"
    }, 
    {
        "id": "Series3700-Model6-49-54", 
        "price": 332.0, 
        "url": "https://screen-house.com/buy/3700.json"
    }, 
    {
        "id": "Series3700-Model6-55-60", 
        "price": 338.0, 
        "url": "https://screen-house.com/buy/3700.json"
    }, 
    {
        "id": "Series3700-Model6-61-66", 
        "price": 356.0, 
        "url": "https://screen-house.com/buy/3700.json"
    }, 
    {
        "id": "Series3700-Model6-67-72", 
        "price": 362.0, 
        "url": "https://screen-house.com/buy/3700.json"
    }, 
    {
        "id": "Series3700-Model6-73-84", 
        "price": 393.0, 
        "url": "https://screen-house.com/buy/3700.json"
    }, 
    {
        "id": "Series3700-Model6-85-96", 
        "price": 440.0, 
        "url": "https://screen-house.com/buy/3700.json"
    }, 
    {
        "id": "Series3700-Model6-97-108", 
        "price": 772.0, 
        "url": "https://screen-house.com/buy/3700.json"
    }, 
    {
        "id": "Series3700-Model6-109-120", 
        "price": 846.0, 
        "url": "https://screen-house.com/buy/3700.json"
    }, 
    {
        "id": "Series3700-Model7-24-36", 
        "price": 288.0, 
        "url": "https://screen-house.com/buy/3700.json"
    }, 
    {
        "id": "Series3700-Model7-37-42", 
        "price": 305.0, 
        "url": "https://screen-house.com/buy/3700.json"
    }, 
    {
        "id": "Series3700-Model7-43-48", 
        "price": 319.0, 
        "url": "https://screen-house.com/buy/3700.json"
    }, 
    {
        "id": "Series3700-Model7-49-54", 
        "price": 342.0, 
        "url": "https://screen-house.com/buy/3700.json"
    }, 
    {
        "id": "Series3700-Model7-55-60", 
        "price": 346.0, 
        "url": "https://screen-house.com/buy/3700.json"
    }, 
    {
        "id": "Series3700-Model7-61-66", 
        "price": 366.0, 
        "url": "https://screen-house.com/buy/3700.json"
    }, 
    {
        "id": "Series3700-Model7-67-72", 
        "price": 373.0, 
        "url": "https://screen-house.com/buy/3700.json"
    }, 
    {
        "id": "Series3700-Model7-73-84", 
        "price": 396.0, 
        "url": "https://screen-house.com/buy/3700.json"
    }, 
    {
        "id": "Series3700-Model7-85-96", 
        "price": 442.0, 
        "url": "https://screen-house.com/buy/3700.json"
    }, 
    {
        "id": "Series3700-Model7-97-108", 
        "price": 774.0, 
        "url": "https://screen-house.com/buy/3700.json"
    }, 
    {
        "id": "Series3700-Model7-109-120", 
        "price": 848.0, 
        "url": "https://screen-house.com/buy/3700.json"
    }, 
    {
        "id": "Series3700-Model8-24-36", 
        "price": 336.0, 
        "url": "https://screen-house.com/buy/3700.json"
    }, 
    {
        "id": "Series3700-Model8-37-42", 
        "price": 343.0, 
        "url": "https://screen-house.com/buy/3700.json"
    }, 
    {
        "id": "Series3700-Model8-43-48", 
        "price": 348.0, 
        "url": "https://screen-house.com/buy/3700.json"
    }, 
    {
        "id": "Series3700-Model8-49-54", 
        "price": 362.0, 
        "url": "https://screen-house.com/buy/3700.json"
    }, 
    {
        "id": "Series3700-Model8-55-60", 
        "price": 368.0, 
        "url": "https://screen-house.com/buy/3700.json"
    }, 
    {
        "id": "Series3700-Model8-61-66", 
        "price": 390.0, 
        "url": "https://screen-house.com/buy/3700.json"
    }, 
    {
        "id": "Series3700-Model8-67-72", 
        "price": 396.0, 
        "url": "https://screen-house.com/buy/3700.json"
    }, 
    {
        "id": "Series3700-Model8-73-84", 
        "price": 436.0, 
        "url": "https://screen-house.com/buy/3700.json"
    }, 
    {
        "id": "Series3700-Model8-85-96", 
        "price": 499.0, 
        "url": "https://screen-house.com/buy/3700.json"
    }, 
    {
        "id": "Series3700-Model8-97-108", 
        "price": 839.0, 
        "url": "https://screen-house.com/buy/3700.json"
    }, 
    {
        "id": "Series3700-Model8-109-120", 
        "price": 909.0, 
        "url": "https://screen-house.com/buy/3700.json"
    }
]