[
    {
        "id": "Series4300-Model6-24-36", 
        "price": 248.0, 
        "url": "https://screen-house.com/buy/4300.json"
    }, 
    {
        "id": "Series4300-Model6-37-42", 
        "price": 268.0, 
        "url": "https://screen-house.com/buy/4300.json"
    }, 
    {
        "id": "Series4300-Model6-43-48", 
        "price": 285.0, 
        "url": "https://screen-house.com/buy/4300.json"
    }, 
    {
        "id": "Series4300-Model6-49-54", 
        "price": 295.0, 
        "url": "https://screen-house.com/buy/4300.json"
    }, 
    {
        "id": "Series4300-Model6-55-60", 
        "price": 303.0, 
        "url": "https://screen-house.com/buy/4300.json"
    }, 
    {
        "id": "Series4300-Model6-61-66", 
        "price": 323.0, 
        "url": "https://screen-house.com/buy/4300.json"
    }, 
    {
        "id": "Series4300-Model6-67-72", 
        "price": 338.0, 
        "url": "https://screen-house.com/buy/4300.json"
    }, 
    {
        "id": "Series4300-Model6-73-84", 
        "price": 363.0, 
        "url": "https://screen-house.com/buy/4300.json"
    }, 
    {
        "id": "Series4300-Model6-85-96", 
        "price": 408.0, 
        "url": "https://screen-house.com/buy/4300.json"
    }, 
    {
        "id": "Series4300-Model6-97-108", 
        "price": 726.0, 
        "url": "https://screen-house.com/buy/4300.json"
    }, 
    {
        "id": "Series4300-Model6-109-120", 
        "price": 796.0, 
        "url": "https://screen-house.com/buy/4300.json"
    }, 
    {
        "id": "Series4300-Model7-24-36", 
        "price": 255.0, 
        "url": "https://screen-house.com/buy/4300.json"
    }, 
    {
        "id": "Series4300-Model7-37-42", 
        "price": 275.0, 
        "url": "https://screen-house.com/buy/4300.json"
    }, 
    {
        "id": "Series4300-Model7-43-48", 
        "price": 290.0, 
        "url": "https://screen-house.com/buy/4300.json"
    }, 
    {
        "id": "Series4300-Model7-49-54", 
        "price": 302.0, 
        "url": "https://screen-house.com/buy/4300.json"
    }, 
    {
        "id": "Series4300-Model7-55-60", 
        "price": 309.0, 
        "url": "https://screen-house.com/buy/4300.json"
    }, 
    {
        "id": "Series4300-Model7-61-66", 
        "price": 332.0, 
        "url": "https://screen-house.com/buy/4300.json"
    }, 
    {
        "id": "Series4300-Model7-67-72", 
        "price": 348.0, 
        "url": "https://screen-house.com/buy/4300.json"
    }, 
    {
        "id": "Series4300-Model7-73-84", 
        "price": 372.0, 
        "url": "https://screen-house.com/buy/4300.json"
    }, 
    {
        "id": "Series4300-Model7-85-96", 
        "price": 419.0, 
        "url": "https://screen-house.com/buy/4300.json"
    }, 
    {
        "id": "Series4300-Model7-97-108", 
        "price": 749.0, 
        "url": "https://screen-house.com/buy/4300.json"
    }, 
    {
        "id": "Series4300-Model7-109-120", 
        "price": 809.0, 
        "url": "https://screen-house.com/buy/4300.json"
    }, 
    {
        "id": "Series4300-Model8-24-36", 
        "price": 285.0, 
        "url": "https://screen-house.com/buy/4300.json"
    }, 
    {
        "id": "Series4300-Model8-37-42", 
        "price": 295.0, 
        "url": "https://screen-house.com/buy/4300.json"
    }, 
    {
        "id": "Series4300-Model8-43-48", 
        "price": 315.0, 
        "url": "https://screen-house.com/buy/4300.json"
    }, 
    {
        "id": "Series4300-Model8-49-54", 
        "price": 328.0, 
        "url": "https://screen-house.com/buy/4300.json"
    }, 
    {
        "id": "Series4300-Model8-55-60", 
        "price": 336.0, 
        "url": "https://screen-house.com/buy/4300.json"
    }, 
    {
        "id": "Series4300-Model8-61-66", 
        "price": 349.0, 
        "url": "https://screen-house.com/buy/4300.json"
    }, 
    {
        "id": "Series4300-Model8-67-72", 
        "price": 366.0, 
        "url": "https://screen-house.com/buy/4300.json"
    }, 
    {
        "id": "Series4300-Model8-73-84", 
        "price": 393.0, 
        "url": "https://screen-house.com/buy/4300.json"
    }, 
    {
        "id": "Series4300-Model8-85-96", 
        "price": 446.0, 
        "url": "https://screen-house.com/buy/4300.json"
    }, 
    {
        "id": "Series4300-Model8-97-108", 
        "price": 779.0, 
        "url": "https://screen-house.com/buy/4300.json"
    }, 
    {
        "id": "Series4300-Model8-109-120", 
        "price": 843.0, 
        "url": "https://screen-house.com/buy/4300.json"
    }, 
    {
        "id": "Series4300-Model9-24-36", 
        "price": 309.0, 
        "url": "https://screen-house.com/buy/4300.json"
    }, 
    {
        "id": "Series4300-Model9-37-42", 
        "price": 332.0, 
        "url": "https://screen-house.com/buy/4300.json"
    }, 
    {
        "id": "Series4300-Model9-43-48", 
        "price": 338.0, 
        "url": "https://screen-house.com/buy/4300.json"
    }, 
    {
        "id": "Series4300-Model9-49-54", 
        "price": 349.0, 
        "url": "https://screen-house.com/buy/4300.json"
    }, 
    {
        "id": "Series4300-Model9-55-60", 
        "price": 372.0, 
        "url": "https://screen-house.com/buy/4300.json"
    }, 
    {
        "id": "Series4300-Model9-61-66", 
        "price": 386.0, 
        "url": "https://screen-house.com/buy/4300.json"
    }, 
    {
        "id": "Series4300-Model9-67-72", 
        "price": 390.0, 
        "url": "https://screen-house.com/buy/4300.json"
    }, 
    {
        "id": "Series4300-Model9-73-84", 
        "price": 418.0, 
        "url": "https://screen-house.com/buy/4300.json"
    }, 
    {
        "id": "Series4300-Model9-85-96", 
        "price": 472.0, 
        "url": "https://screen-house.com/buy/4300.json"
    }, 
    {
        "id": "Series4300-Model9-97-108", 
        "price": 908.0, 
        "url": "https://screen-house.com/buy/4300.json"
    }, 
    {
        "id": "Series4300-Model9-109-120", 
        "price": 876.0, 
        "url": "https://screen-house.com/buy/4300.json"
    }
]