[
    {
        "id": "Series4500-Model6-24-36", 
        "price": 320.0, 
        "url": "https://screen-house.com/buy/4500.json"
    }, 
    {
        "id": "Series4500-Model6-37-42", 
        "price": 328.0, 
        "url": "https://screen-house.com/buy/4500.json"
    }, 
    {
        "id": "Series4500-Model6-43-48", 
        "price": 349.0, 
        "url": "https://screen-house.com/buy/4500.json"
    }, 
    {
        "id": "Series4500-Model6-49-54", 
        "price": 363.0, 
        "url": "https://screen-house.com/buy/4500.json"
    }, 
    {
        "id": "Series4500-Model6-55-60", 
        "price": 370.0, 
        "url": "https://screen-house.com/buy/4500.json"
    }, 
    {
        "id": "Series4500-Model6-61-66", 
        "price": 392.0, 
        "url": "https://screen-house.com/buy/4500.json"
    }, 
    {
        "id": "Series4500-Model6-67-72", 
        "price": 399.0, 
        "url": "https://screen-house.com/buy/4500.json"
    }, 
    {
        "id": "Series4500-Model6-73-84", 
        "price": 425.0, 
        "url": "https://screen-house.com/buy/4500.json"
    }, 
    {
        "id": "Series4500-Model6-85-96", 
        "price": 502.0, 
        "url": "https://screen-house.com/buy/4500.json"
    }, 
    {
        "id": "Series4500-Model6-97-108", 
        "price": 842.0, 
        "url": "https://screen-house.com/buy/4500.json"
    }, 
    {
        "id": "Series4500-Model6-190-120", 
        "price": 913.0, 
        "url": "https://screen-house.com/buy/4500.json"
    }, 
    {
        "id": "Series4500-Model7-24-36", 
        "price": 326.0, 
        "url": "https://screen-house.com/buy/4500.json"
    }, 
    {
        "id": "Series4500-Model7-37-42", 
        "price": 338.0, 
        "url": "https://screen-house.com/buy/4500.json"
    }, 
    {
        "id": "Series4500-Model7-43-48", 
        "price": 353.0, 
        "url": "https://screen-house.com/buy/4500.json"
    }, 
    {
        "id": "Series4500-Model7-49-54", 
        "price": 369.0, 
        "url": "https://screen-house.com/buy/4500.json"
    }, 
    {
        "id": "Series4500-Model7-55-60", 
        "price": 375.0, 
        "url": "https://screen-house.com/buy/4500.json"
    }, 
    {
        "id": "Series4500-Model7-61-66", 
        "price": 396.0, 
        "url": "https://screen-house.com/buy/4500.json"
    }, 
    {
        "id": "Series4500-Model7-67-72", 
        "price": 413.0, 
        "url": "https://screen-house.com/buy/4500.json"
    }, 
    {
        "id": "Series4500-Model7-73-84", 
        "price": 439.0, 
        "url": "https://screen-house.com/buy/4500.json"
    }, 
    {
        "id": "Series4500-Model7-85-96", 
        "price": 519.0, 
        "url": "https://screen-house.com/buy/4500.json"
    }, 
    {
        "id": "Series4500-Model7-97-108", 
        "price": 861.0, 
        "url": "https://screen-house.com/buy/4500.json"
    }, 
    {
        "id": "Series4500-Model7-190-120", 
        "price": 944.0, 
        "url": "https://screen-house.com/buy/4500.json"
    }, 
    {
        "id": "Series4500-Model8-24-36", 
        "price": 359.0, 
        "url": "https://screen-house.com/buy/4500.json"
    }, 
    {
        "id": "Series4500-Model8-37-42", 
        "price": 369.0, 
        "url": "https://screen-house.com/buy/4500.json"
    }, 
    {
        "id": "Series4500-Model8-43-48", 
        "price": 395.0, 
        "url": "https://screen-house.com/buy/4500.json"
    }, 
    {
        "id": "Series4500-Model8-49-54", 
        "price": 420.0, 
        "url": "https://screen-house.com/buy/4500.json"
    }, 
    {
        "id": "Series4500-Model8-55-60", 
        "price": 428.0, 
        "url": "https://screen-house.com/buy/4500.json"
    }, 
    {
        "id": "Series4500-Model8-61-66", 
        "price": 440.0, 
        "url": "https://screen-house.com/buy/4500.json"
    }, 
    {
        "id": "Series4500-Model8-67-72", 
        "price": 448.0, 
        "url": "https://screen-house.com/buy/4500.json"
    }, 
    {
        "id": "Series4500-Model8-73-84", 
        "price": 462.0, 
        "url": "https://screen-house.com/buy/4500.json"
    }, 
    {
        "id": "Series4500-Model8-85-96", 
        "price": 523.0, 
        "url": "https://screen-house.com/buy/4500.json"
    }, 
    {
        "id": "Series4500-Model8-97-108", 
        "price": 866.0, 
        "url": "https://screen-house.com/buy/4500.json"
    }, 
    {
        "id": "Series4500-Model8-190-120", 
        "price": 949.0, 
        "url": "https://screen-house.com/buy/4500.json"
    }, 
    {
        "id": "Series4500-Model9-24-36", 
        "price": 388.0, 
        "url": "https://screen-house.com/buy/4500.json"
    }, 
    {
        "id": "Series4500-Model9-37-42", 
        "price": 410.0, 
        "url": "https://screen-house.com/buy/4500.json"
    }, 
    {
        "id": "Series4500-Model9-43-48", 
        "price": 420.0, 
        "url": "https://screen-house.com/buy/4500.json"
    }, 
    {
        "id": "Series4500-Model9-49-54", 
        "price": 438.0, 
        "url": "https://screen-house.com/buy/4500.json"
    }, 
    {
        "id": "Series4500-Model9-55-60", 
        "price": 443.0, 
        "url": "https://screen-house.com/buy/4500.json"
    }, 
    {
        "id": "Series4500-Model9-61-66", 
        "price": 469.0, 
        "url": "https://screen-house.com/buy/4500.json"
    }, 
    {
        "id": "Series4500-Model9-67-72", 
        "price": 476.0, 
        "url": "https://screen-house.com/buy/4500.json"
    }, 
    {
        "id": "Series4500-Model9-73-84", 
        "price": 502.0, 
        "url": "https://screen-house.com/buy/4500.json"
    }, 
    {
        "id": "Series4500-Model9-85-96", 
        "price": 565.0, 
        "url": "https://screen-house.com/buy/4500.json"
    }, 
    {
        "id": "Series4500-Model9-97-108", 
        "price": 913.0, 
        "url": "https://screen-house.com/buy/4500.json"
    }, 
    {
        "id": "Series4500-Model9-190-120", 
        "price": 992.0, 
        "url": "https://screen-house.com/buy/4500.json"
    }
]