[
    {
        "id": "Series5700-Model0-24-36", 
        "price": 285.0, 
        "url": "https://screen-house.com/buy/5700.json"
    }, 
    {
        "id": "Series5700-Model0-37-42", 
        "price": 298.0, 
        "url": "https://screen-house.com/buy/5700.json"
    }, 
    {
        "id": "Series5700-Model0-43-48", 
        "price": 312.0, 
        "url": "https://screen-house.com/buy/5700.json"
    }, 
    {
        "id": "Series5700-Model0-49-54", 
        "price": 325.0, 
        "url": "https://screen-house.com/buy/5700.json"
    }, 
    {
        "id": "Series5700-Model0-55-60", 
        "price": 339.0, 
        "url": "https://screen-house.com/buy/5700.json"
    }, 
    {
        "id": "Series5700-Model0-61-66", 
        "price": 353.0, 
        "url": "https://screen-house.com/buy/5700.json"
    }, 
    {
        "id": "Series5700-Model0-67-72", 
        "price": 366.0, 
        "url": "https://screen-house.com/buy/5700.json"
    }, 
    {
        "id": "Series5700-Model0-73-84", 
        "price": 393.0, 
        "url": "https://screen-house.com/buy/5700.json"
    }, 
    {
        "id": "Series5700-Model0-85-96", 
        "price": 440.0, 
        "url": "https://screen-house.com/buy/5700.json"
    }, 
    {
        "id": "Series5700-Model0-97-108", 
        "price": 772.0, 
        "url": "https://screen-house.com/buy/5700.json"
    }, 
    {
        "id": "Series5700-Model0-109-120", 
        "price": 836.0, 
        "url": "https://screen-house.com/buy/5700.json"
    }, 
    {
        "id": "Series5700-Model1-24-36", 
        "price": 289.0, 
        "url": "https://screen-house.com/buy/5700.json"
    }, 
    {
        "id": "Series5700-Model1-37-42", 
        "price": 303.0, 
        "url": "https://screen-house.com/buy/5700.json"
    }, 
    {
        "id": "Series5700-Model1-43-48", 
        "price": 318.0, 
        "url": "https://screen-house.com/buy/5700.json"
    }, 
    {
        "id": "Series5700-Model1-49-54", 
        "price": 330.0, 
        "url": "https://screen-house.com/buy/5700.json"
    }, 
    {
        "id": "Series5700-Model1-55-60", 
        "price": 345.0, 
        "url": "https://screen-house.com/buy/5700.json"
    }, 
    {
        "id": "Series5700-Model1-61-66", 
        "price": 359.0, 
        "url": "https://screen-house.com/buy/5700.json"
    }, 
    {
        "id": "Series5700-Model1-67-72", 
        "price": 372.0, 
        "url": "https://screen-house.com/buy/5700.json"
    }, 
    {
        "id": "Series5700-Model1-73-84", 
        "price": 399.0, 
        "url": "https://screen-house.com/buy/5700.json"
    }, 
    {
        "id": "Series5700-Model1-85-96", 
        "price": 449.0, 
        "url": "https://screen-house.com/buy/5700.json"
    }, 
    {
        "id": "Series5700-Model1-97-108", 
        "price": 782.0, 
        "url": "https://screen-house.com/buy/5700.json"
    }, 
    {
        "id": "Series5700-Model1-109-120", 
        "price": 847.0, 
        "url": "https://screen-house.com/buy/5700.json"
    }, 
    {
        "id": "Series5700-Model2-24-36", 
        "price": 296.0, 
        "url": "https://screen-house.com/buy/5700.json"
    }, 
    {
        "id": "Series5700-Model2-37-42", 
        "price": 310.0, 
        "url": "https://screen-house.com/buy/5700.json"
    }, 
    {
        "id": "Series5700-Model2-43-48", 
        "price": 323.0, 
        "url": "https://screen-house.com/buy/5700.json"
    }, 
    {
        "id": "Series5700-Model2-49-54", 
        "price": 338.0, 
        "url": "https://screen-house.com/buy/5700.json"
    }, 
    {
        "id": "Series5700-Model2-55-60", 
        "price": 350.0, 
        "url": "https://screen-house.com/buy/5700.json"
    }, 
    {
        "id": "Series5700-Model2-61-66", 
        "price": 365.0, 
        "url": "https://screen-house.com/buy/5700.json"
    }, 
    {
        "id": "Series5700-Model2-67-72", 
        "price": 378.0, 
        "url": "https://screen-house.com/buy/5700.json"
    }, 
    {
        "id": "Series5700-Model2-73-84", 
        "price": 405.0, 
        "url": "https://screen-house.com/buy/5700.json"
    }, 
    {
        "id": "Series5700-Model2-85-96", 
        "price": 456.0, 
        "url": "https://screen-house.com/buy/5700.json"
    }, 
    {
        "id": "Series5700-Model2-97-108", 
        "price": 790.0, 
        "url": "https://screen-house.com/buy/5700.json"
    }, 
    {
        "id": "Series5700-Model2-109-120", 
        "price": 856.0, 
        "url": "https://screen-house.com/buy/5700.json"
    }, 
    {
        "id": "Series5700-Model3-24-36", 
        "price": 302.0, 
        "url": "https://screen-house.com/buy/5700.json"
    }, 
    {
        "id": "Series5700-Model3-37-42", 
        "price": 315.0, 
        "url": "https://screen-house.com/buy/5700.json"
    }, 
    {
        "id": "Series5700-Model3-43-48", 
        "price": 329.0, 
        "url": "https://screen-house.com/buy/5700.json"
    }, 
    {
        "id": "Series5700-Model3-49-54", 
        "price": 342.0, 
        "url": "https://screen-house.com/buy/5700.json"
    }, 
    {
        "id": "Series5700-Model3-55-60", 
        "price": 358.0, 
        "url": "https://screen-house.com/buy/5700.json"
    }, 
    {
        "id": "Series5700-Model3-61-66", 
        "price": 370.0, 
        "url": "https://screen-house.com/buy/5700.json"
    }, 
    {
        "id": "Series5700-Model3-67-72", 
        "price": 383.0, 
        "url": "https://screen-house.com/buy/5700.json"
    }, 
    {
        "id": "Series5700-Model3-73-84", 
        "price": 412.0, 
        "url": "https://screen-house.com/buy/5700.json"
    }, 
    {
        "id": "Series5700-Model3-85-96", 
        "price": 462.0, 
        "url": "https://screen-house.com/buy/5700.json"
    }, 
    {
        "id": "Series5700-Model3-97-108", 
        "price": 797.0, 
        "url": "https://screen-house.com/buy/5700.json"
    }, 
    {
        "id": "Series5700-Model3-109-120", 
        "price": 863.0, 
        "url": "https://screen-house.com/buy/5700.json"
    }, 
    {
        "id": "Series5700-Model4-24-36", 
        "price": 336.0, 
        "url": "https://screen-house.com/buy/5700.json"
    }, 
    {
        "id": "Series5700-Model4-37-42", 
        "price": 350.0, 
        "url": "https://screen-house.com/buy/5700.json"
    }, 
    {
        "id": "Series5700-Model4-43-48", 
        "price": 363.0, 
        "url": "https://screen-house.com/buy/5700.json"
    }, 
    {
        "id": "Series5700-Model4-49-54", 
        "price": 378.0, 
        "url": "https://screen-house.com/buy/5700.json"
    }, 
    {
        "id": "Series5700-Model4-55-60", 
        "price": 392.0, 
        "url": "https://screen-house.com/buy/5700.json"
    }, 
    {
        "id": "Series5700-Model4-61-66", 
        "price": 405.0, 
        "url": "https://screen-house.com/buy/5700.json"
    }, 
    {
        "id": "Series5700-Model4-67-72", 
        "price": 419.0, 
        "url": "https://screen-house.com/buy/5700.json"
    }, 
    {
        "id": "Series5700-Model4-73-84", 
        "price": 446.0, 
        "url": "https://screen-house.com/buy/5700.json"
    }, 
    {
        "id": "Series5700-Model4-85-96", 
        "price": 502.0, 
        "url": "https://screen-house.com/buy/5700.json"
    }, 
    {
        "id": "Series5700-Model4-97-108", 
        "price": 842.0, 
        "url": "https://screen-house.com/buy/5700.json"
    }, 
    {
        "id": "Series5700-Model4-109-120", 
        "price": 913.0, 
        "url": "https://screen-house.com/buy/5700.json"
    }
]