[
    {
        "id": "BrasiliaAthena-120x96-0-0-0-0", 
        "price": 1759.99, 
        "url": "https://screen-house.com/buy/athena.json"
    }, 
    {
        "id": "BrasiliaAthena-120x96-0-0-0-1", 
        "price": 2029.98, 
        "url": "https://screen-house.com/buy/athena.json"
    }, 
    {
        "id": "BrasiliaAthena-120x96-0-0-1-0", 
        "price": 1909.98, 
        "url": "https://screen-house.com/buy/athena.json"
    }, 
    {
        "id": "BrasiliaAthena-120x96-0-0-1-1", 
        "price": 2179.97, 
        "url": "https://screen-house.com/buy/athena.json"
    }, 
    {
        "id": "BrasiliaAthena-120x96-0-1-0-0", 
        "price": 2174.98, 
        "url": "https://screen-house.com/buy/athena.json"
    }, 
    {
        "id": "BrasiliaAthena-120x96-0-1-0-1", 
        "price": 2444.97, 
        "url": "https://screen-house.com/buy/athena.json"
    }, 
    {
        "id": "BrasiliaAthena-120x96-0-1-1-0", 
        "price": 2324.97, 
        "url": "https://screen-house.com/buy/athena.json"
    }, 
    {
        "id": "BrasiliaAthena-120x96-0-1-1-1", 
        "price": 2594.96, 
        "url": "https://screen-house.com/buy/athena.json"
    }, 
    {
        "id": "BrasiliaAthena-120x96-1-0-0-0", 
        "price": 2099.99, 
        "url": "https://screen-house.com/buy/athena.json"
    }, 
    {
        "id": "BrasiliaAthena-120x96-1-0-0-1", 
        "price": 2369.98, 
        "url": "https://screen-house.com/buy/athena.json"
    }, 
    {
        "id": "BrasiliaAthena-120x96-1-0-1-0", 
        "price": 2249.98, 
        "url": "https://screen-house.com/buy/athena.json"
    }, 
    {
        "id": "BrasiliaAthena-120x96-1-0-1-1", 
        "price": 2519.97, 
        "url": "https://screen-house.com/buy/athena.json"
    }, 
    {
        "id": "BrasiliaAthena-120x96-1-1-0-0", 
        "price": 2514.98, 
        "url": "https://screen-house.com/buy/athena.json"
    }, 
    {
        "id": "BrasiliaAthena-120x96-1-1-0-1", 
        "price": 2784.97, 
        "url": "https://screen-house.com/buy/athena.json"
    }, 
    {
        "id": "BrasiliaAthena-120x96-1-1-1-0", 
        "price": 2664.97, 
        "url": "https://screen-house.com/buy/athena.json"
    }, 
    {
        "id": "BrasiliaAthena-120x96-1-1-1-1", 
        "price": 2934.96, 
        "url": "https://screen-house.com/buy/athena.json"
    }, 
    {
        "id": "BrasiliaAthena-132x96-0-0-0-0", 
        "price": 1799.99, 
        "url": "https://screen-house.com/buy/athena.json"
    }, 
    {
        "id": "BrasiliaAthena-132x96-0-0-0-1", 
        "price": 2079.98, 
        "url": "https://screen-house.com/buy/athena.json"
    }, 
    {
        "id": "BrasiliaAthena-132x96-0-0-1-0", 
        "price": 1949.98, 
        "url": "https://screen-house.com/buy/athena.json"
    }, 
    {
        "id": "BrasiliaAthena-132x96-0-0-1-1", 
        "price": 2229.97, 
        "url": "https://screen-house.com/buy/athena.json"
    }, 
    {
        "id": "BrasiliaAthena-132x96-0-1-0-0", 
        "price": 2224.98, 
        "url": "https://screen-house.com/buy/athena.json"
    }, 
    {
        "id": "BrasiliaAthena-132x96-0-1-0-1", 
        "price": 2504.97, 
        "url": "https://screen-house.com/buy/athena.json"
    }, 
    {
        "id": "BrasiliaAthena-132x96-0-1-1-0", 
        "price": 2374.97, 
        "url": "https://screen-house.com/buy/athena.json"
    }, 
    {
        "id": "BrasiliaAthena-132x96-0-1-1-1", 
        "price": 2654.96, 
        "url": "https://screen-house.com/buy/athena.json"
    }, 
    {
        "id": "BrasiliaAthena-132x96-1-0-0-0", 
        "price": 2169.99, 
        "url": "https://screen-house.com/buy/athena.json"
    }, 
    {
        "id": "BrasiliaAthena-132x96-1-0-0-1", 
        "price": 2449.98, 
        "url": "https://screen-house.com/buy/athena.json"
    }, 
    {
        "id": "BrasiliaAthena-132x96-1-0-1-0", 
        "price": 2319.98, 
        "url": "https://screen-house.com/buy/athena.json"
    }, 
    {
        "id": "BrasiliaAthena-132x96-1-0-1-1", 
        "price": 2599.97, 
        "url": "https://screen-house.com/buy/athena.json"
    }, 
    {
        "id": "BrasiliaAthena-132x96-1-1-0-0", 
        "price": 2594.98, 
        "url": "https://screen-house.com/buy/athena.json"
    }, 
    {
        "id": "BrasiliaAthena-132x96-1-1-0-1", 
        "price": 2874.97, 
        "url": "https://screen-house.com/buy/athena.json"
    }, 
    {
        "id": "BrasiliaAthena-132x96-1-1-1-0", 
        "price": 2744.97, 
        "url": "https://screen-house.com/buy/athena.json"
    }, 
    {
        "id": "BrasiliaAthena-132x96-1-1-1-1", 
        "price": 3024.96, 
        "url": "https://screen-house.com/buy/athena.json"
    }, 
    {
        "id": "BrasiliaAthena-144x120-0-0-0-0", 
        "price": 1879.99, 
        "url": "https://screen-house.com/buy/athena.json"
    }, 
    {
        "id": "BrasiliaAthena-144x120-0-0-0-1", 
        "price": 2169.98, 
        "url": "https://screen-house.com/buy/athena.json"
    }, 
    {
        "id": "BrasiliaAthena-144x120-0-0-1-0", 
        "price": 2029.98, 
        "url": "https://screen-house.com/buy/athena.json"
    }, 
    {
        "id": "BrasiliaAthena-144x120-0-0-1-1", 
        "price": 2319.97, 
        "url": "https://screen-house.com/buy/athena.json"
    }, 
    {
        "id": "BrasiliaAthena-144x120-0-1-0-0", 
        "price": 2324.98, 
        "url": "https://screen-house.com/buy/athena.json"
    }, 
    {
        "id": "BrasiliaAthena-144x120-0-1-0-1", 
        "price": 2614.97, 
        "url": "https://screen-house.com/buy/athena.json"
    }, 
    {
        "id": "BrasiliaAthena-144x120-0-1-1-0", 
        "price": 2474.97, 
        "url": "https://screen-house.com/buy/athena.json"
    }, 
    {
        "id": "BrasiliaAthena-144x120-0-1-1-1", 
        "price": 2764.96, 
        "url": "https://screen-house.com/buy/athena.json"
    }, 
    {
        "id": "BrasiliaAthena-144x120-1-0-0-0", 
        "price": 2259.99, 
        "url": "https://screen-house.com/buy/athena.json"
    }, 
    {
        "id": "BrasiliaAthena-144x120-1-0-0-1", 
        "price": 2549.98, 
        "url": "https://screen-house.com/buy/athena.json"
    }, 
    {
        "id": "BrasiliaAthena-144x120-1-0-1-0", 
        "price": 2409.98, 
        "url": "https://screen-house.com/buy/athena.json"
    }, 
    {
        "id": "BrasiliaAthena-144x120-1-0-1-1", 
        "price": 2699.97, 
        "url": "https://screen-house.com/buy/athena.json"
    }, 
    {
        "id": "BrasiliaAthena-144x120-1-1-0-0", 
        "price": 2704.98, 
        "url": "https://screen-house.com/buy/athena.json"
    }, 
    {
        "id": "BrasiliaAthena-144x120-1-1-0-1", 
        "price": 2994.97, 
        "url": "https://screen-house.com/buy/athena.json"
    }, 
    {
        "id": "BrasiliaAthena-144x120-1-1-1-0", 
        "price": 2854.97, 
        "url": "https://screen-house.com/buy/athena.json"
    }, 
    {
        "id": "BrasiliaAthena-144x120-1-1-1-1", 
        "price": 3144.96, 
        "url": "https://screen-house.com/buy/athena.json"
    }, 
    {
        "id": "BrasiliaAthena-156x120-0-0-0-0", 
        "price": 1949.99, 
        "url": "https://screen-house.com/buy/athena.json"
    }, 
    {
        "id": "BrasiliaAthena-156x120-0-0-0-1", 
        "price": 2249.98, 
        "url": "https://screen-house.com/buy/athena.json"
    }, 
    {
        "id": "BrasiliaAthena-156x120-0-0-1-0", 
        "price": 2099.98, 
        "url": "https://screen-house.com/buy/athena.json"
    }, 
    {
        "id": "BrasiliaAthena-156x120-0-0-1-1", 
        "price": 2399.97, 
        "url": "https://screen-house.com/buy/athena.json"
    }, 
    {
        "id": "BrasiliaAthena-156x120-0-1-0-0", 
        "price": 2414.98, 
        "url": "https://screen-house.com/buy/athena.json"
    }, 
    {
        "id": "BrasiliaAthena-156x120-0-1-0-1", 
        "price": 2714.97, 
        "url": "https://screen-house.com/buy/athena.json"
    }, 
    {
        "id": "BrasiliaAthena-156x120-0-1-1-0", 
        "price": 2564.97, 
        "url": "https://screen-house.com/buy/athena.json"
    }, 
    {
        "id": "BrasiliaAthena-156x120-0-1-1-1", 
        "price": 2864.96, 
        "url": "https://screen-house.com/buy/athena.json"
    }, 
    {
        "id": "BrasiliaAthena-156x120-1-0-0-0", 
        "price": 2339.99, 
        "url": "https://screen-house.com/buy/athena.json"
    }, 
    {
        "id": "BrasiliaAthena-156x120-1-0-0-1", 
        "price": 2639.98, 
        "url": "https://screen-house.com/buy/athena.json"
    }, 
    {
        "id": "BrasiliaAthena-156x120-1-0-1-0", 
        "price": 2489.98, 
        "url": "https://screen-house.com/buy/athena.json"
    }, 
    {
        "id": "BrasiliaAthena-156x120-1-0-1-1", 
        "price": 2789.97, 
        "url": "https://screen-house.com/buy/athena.json"
    }, 
    {
        "id": "BrasiliaAthena-156x120-1-1-0-0", 
        "price": 2804.98, 
        "url": "https://screen-house.com/buy/athena.json"
    }, 
    {
        "id": "BrasiliaAthena-156x120-1-1-0-1", 
        "price": 3104.97, 
        "url": "https://screen-house.com/buy/athena.json"
    }, 
    {
        "id": "BrasiliaAthena-156x120-1-1-1-0", 
        "price": 2954.97, 
        "url": "https://screen-house.com/buy/athena.json"
    }, 
    {
        "id": "BrasiliaAthena-156x120-1-1-1-1", 
        "price": 3254.96, 
        "url": "https://screen-house.com/buy/athena.json"
    }, 
    {
        "id": "BrasiliaAthena-168x120-0-0-0-0", 
        "price": 2019.99, 
        "url": "https://screen-house.com/buy/athena.json"
    }, 
    {
        "id": "BrasiliaAthena-168x120-0-0-0-1", 
        "price": 2329.98, 
        "url": "https://screen-house.com/buy/athena.json"
    }, 
    {
        "id": "BrasiliaAthena-168x120-0-0-1-0", 
        "price": 2169.98, 
        "url": "https://screen-house.com/buy/athena.json"
    }, 
    {
        "id": "BrasiliaAthena-168x120-0-0-1-1", 
        "price": 2479.97, 
        "url": "https://screen-house.com/buy/athena.json"
    }, 
    {
        "id": "BrasiliaAthena-168x120-0-1-0-0", 
        "price": 2494.98, 
        "url": "https://screen-house.com/buy/athena.json"
    }, 
    {
        "id": "BrasiliaAthena-168x120-0-1-0-1", 
        "price": 2804.97, 
        "url": "https://screen-house.com/buy/athena.json"
    }, 
    {
        "id": "BrasiliaAthena-168x120-0-1-1-0", 
        "price": 2644.97, 
        "url": "https://screen-house.com/buy/athena.json"
    }, 
    {
        "id": "BrasiliaAthena-168x120-0-1-1-1", 
        "price": 2954.96, 
        "url": "https://screen-house.com/buy/athena.json"
    }, 
    {
        "id": "BrasiliaAthena-168x120-1-0-0-0", 
        "price": 2439.99, 
        "url": "https://screen-house.com/buy/athena.json"
    }, 
    {
        "id": "BrasiliaAthena-168x120-1-0-0-1", 
        "price": 2749.98, 
        "url": "https://screen-house.com/buy/athena.json"
    }, 
    {
        "id": "BrasiliaAthena-168x120-1-0-1-0", 
        "price": 2589.98, 
        "url": "https://screen-house.com/buy/athena.json"
    }, 
    {
        "id": "BrasiliaAthena-168x120-1-0-1-1", 
        "price": 2899.97, 
        "url": "https://screen-house.com/buy/athena.json"
    }, 
    {
        "id": "BrasiliaAthena-168x120-1-1-0-0", 
        "price": 2914.98, 
        "url": "https://screen-house.com/buy/athena.json"
    }, 
    {
        "id": "BrasiliaAthena-168x120-1-1-0-1", 
        "price": 3224.97, 
        "url": "https://screen-house.com/buy/athena.json"
    }, 
    {
        "id": "BrasiliaAthena-168x120-1-1-1-0", 
        "price": 3064.97, 
        "url": "https://screen-house.com/buy/athena.json"
    }, 
    {
        "id": "BrasiliaAthena-168x120-1-1-1-1", 
        "price": 3374.96, 
        "url": "https://screen-house.com/buy/athena.json"
    }, 
    {
        "id": "BrasiliaAthena-180x120-0-0-0-0", 
        "price": 2089.99, 
        "url": "https://screen-house.com/buy/athena.json"
    }, 
    {
        "id": "BrasiliaAthena-180x120-0-0-0-1", 
        "price": 2409.98, 
        "url": "https://screen-house.com/buy/athena.json"
    }, 
    {
        "id": "BrasiliaAthena-180x120-0-0-1-0", 
        "price": 2239.98, 
        "url": "https://screen-house.com/buy/athena.json"
    }, 
    {
        "id": "BrasiliaAthena-180x120-0-0-1-1", 
        "price": 2559.97, 
        "url": "https://screen-house.com/buy/athena.json"
    }, 
    {
        "id": "BrasiliaAthena-180x120-0-1-0-0", 
        "price": 2584.98, 
        "url": "https://screen-house.com/buy/athena.json"
    }, 
    {
        "id": "BrasiliaAthena-180x120-0-1-0-1", 
        "price": 2904.97, 
        "url": "https://screen-house.com/buy/athena.json"
    }, 
    {
        "id": "BrasiliaAthena-180x120-0-1-1-0", 
        "price": 2734.97, 
        "url": "https://screen-house.com/buy/athena.json"
    }, 
    {
        "id": "BrasiliaAthena-180x120-0-1-1-1", 
        "price": 3054.96, 
        "url": "https://screen-house.com/buy/athena.json"
    }, 
    {
        "id": "BrasiliaAthena-180x120-1-0-0-0", 
        "price": 2479.99, 
        "url": "https://screen-house.com/buy/athena.json"
    }, 
    {
        "id": "BrasiliaAthena-180x120-1-0-0-1", 
        "price": 2799.98, 
        "url": "https://screen-house.com/buy/athena.json"
    }, 
    {
        "id": "BrasiliaAthena-180x120-1-0-1-0", 
        "price": 2629.98, 
        "url": "https://screen-house.com/buy/athena.json"
    }, 
    {
        "id": "BrasiliaAthena-180x120-1-0-1-1", 
        "price": 2949.97, 
        "url": "https://screen-house.com/buy/athena.json"
    }, 
    {
        "id": "BrasiliaAthena-180x120-1-1-0-0", 
        "price": 2974.98, 
        "url": "https://screen-house.com/buy/athena.json"
    }, 
    {
        "id": "BrasiliaAthena-180x120-1-1-0-1", 
        "price": 3294.97, 
        "url": "https://screen-house.com/buy/athena.json"
    }, 
    {
        "id": "BrasiliaAthena-180x120-1-1-1-0", 
        "price": 3124.97, 
        "url": "https://screen-house.com/buy/athena.json"
    }, 
    {
        "id": "BrasiliaAthena-180x120-1-1-1-1", 
        "price": 3444.96, 
        "url": "https://screen-house.com/buy/athena.json"
    }, 
    {
        "id": "BrasiliaAthena-192x120-0-0-0-0", 
        "price": 2179.99, 
        "url": "https://screen-house.com/buy/athena.json"
    }, 
    {
        "id": "BrasiliaAthena-192x120-0-0-0-1", 
        "price": 2509.98, 
        "url": "https://screen-house.com/buy/athena.json"
    }, 
    {
        "id": "BrasiliaAthena-192x120-0-0-1-0", 
        "price": 2329.98, 
        "url": "https://screen-house.com/buy/athena.json"
    }, 
    {
        "id": "BrasiliaAthena-192x120-0-0-1-1", 
        "price": 2659.97, 
        "url": "https://screen-house.com/buy/athena.json"
    }, 
    {
        "id": "BrasiliaAthena-192x120-0-1-0-0", 
        "price": 2704.98, 
        "url": "https://screen-house.com/buy/athena.json"
    }, 
    {
        "id": "BrasiliaAthena-192x120-0-1-0-1", 
        "price": 3034.97, 
        "url": "https://screen-house.com/buy/athena.json"
    }, 
    {
        "id": "BrasiliaAthena-192x120-0-1-1-0", 
        "price": 2854.97, 
        "url": "https://screen-house.com/buy/athena.json"
    }, 
    {
        "id": "BrasiliaAthena-192x120-0-1-1-1", 
        "price": 3184.96, 
        "url": "https://screen-house.com/buy/athena.json"
    }, 
    {
        "id": "BrasiliaAthena-192x120-1-0-0-0", 
        "price": 2599.99, 
        "url": "https://screen-house.com/buy/athena.json"
    }, 
    {
        "id": "BrasiliaAthena-192x120-1-0-0-1", 
        "price": 2929.98, 
        "url": "https://screen-house.com/buy/athena.json"
    }, 
    {
        "id": "BrasiliaAthena-192x120-1-0-1-0", 
        "price": 2749.98, 
        "url": "https://screen-house.com/buy/athena.json"
    }, 
    {
        "id": "BrasiliaAthena-192x120-1-0-1-1", 
        "price": 3079.97, 
        "url": "https://screen-house.com/buy/athena.json"
    }, 
    {
        "id": "BrasiliaAthena-192x120-1-1-0-0", 
        "price": 3124.98, 
        "url": "https://screen-house.com/buy/athena.json"
    }, 
    {
        "id": "BrasiliaAthena-192x120-1-1-0-1", 
        "price": 3454.97, 
        "url": "https://screen-house.com/buy/athena.json"
    }, 
    {
        "id": "BrasiliaAthena-192x120-1-1-1-0", 
        "price": 3274.97, 
        "url": "https://screen-house.com/buy/athena.json"
    }, 
    {
        "id": "BrasiliaAthena-192x120-1-1-1-1", 
        "price": 3604.96, 
        "url": "https://screen-house.com/buy/athena.json"
    }, 
    {
        "id": "BrasiliaAthena-204x120-0-0-0-0", 
        "price": 2269.99, 
        "url": "https://screen-house.com/buy/athena.json"
    }, 
    {
        "id": "BrasiliaAthena-204x120-0-0-0-1", 
        "price": 2609.98, 
        "url": "https://screen-house.com/buy/athena.json"
    }, 
    {
        "id": "BrasiliaAthena-204x120-0-0-1-0", 
        "price": 2419.98, 
        "url": "https://screen-house.com/buy/athena.json"
    }, 
    {
        "id": "BrasiliaAthena-204x120-0-0-1-1", 
        "price": 2759.97, 
        "url": "https://screen-house.com/buy/athena.json"
    }, 
    {
        "id": "BrasiliaAthena-204x120-0-1-0-0", 
        "price": 2804.98, 
        "url": "https://screen-house.com/buy/athena.json"
    }, 
    {
        "id": "BrasiliaAthena-204x120-0-1-0-1", 
        "price": 3144.97, 
        "url": "https://screen-house.com/buy/athena.json"
    }, 
    {
        "id": "BrasiliaAthena-204x120-0-1-1-0", 
        "price": 2954.97, 
        "url": "https://screen-house.com/buy/athena.json"
    }, 
    {
        "id": "BrasiliaAthena-204x120-0-1-1-1", 
        "price": 3294.96, 
        "url": "https://screen-house.com/buy/athena.json"
    }, 
    {
        "id": "BrasiliaAthena-204x120-1-0-0-0", 
        "price": 2689.99, 
        "url": "https://screen-house.com/buy/athena.json"
    }, 
    {
        "id": "BrasiliaAthena-204x120-1-0-0-1", 
        "price": 3029.98, 
        "url": "https://screen-house.com/buy/athena.json"
    }, 
    {
        "id": "BrasiliaAthena-204x120-1-0-1-0", 
        "price": 2839.98, 
        "url": "https://screen-house.com/buy/athena.json"
    }, 
    {
        "id": "BrasiliaAthena-204x120-1-0-1-1", 
        "price": 3179.97, 
        "url": "https://screen-house.com/buy/athena.json"
    }, 
    {
        "id": "BrasiliaAthena-204x120-1-1-0-0", 
        "price": 3224.98, 
        "url": "https://screen-house.com/buy/athena.json"
    }, 
    {
        "id": "BrasiliaAthena-204x120-1-1-0-1", 
        "price": 3564.97, 
        "url": "https://screen-house.com/buy/athena.json"
    }, 
    {
        "id": "BrasiliaAthena-204x120-1-1-1-0", 
        "price": 3374.97, 
        "url": "https://screen-house.com/buy/athena.json"
    }, 
    {
        "id": "BrasiliaAthena-204x120-1-1-1-1", 
        "price": 3714.96, 
        "url": "https://screen-house.com/buy/athena.json"
    }, 
    {
        "id": "BrasiliaAthena-216x120-0-0-0-0", 
        "price": 2359.99, 
        "url": "https://screen-house.com/buy/athena.json"
    }, 
    {
        "id": "BrasiliaAthena-216x120-0-0-0-1", 
        "price": 2709.98, 
        "url": "https://screen-house.com/buy/athena.json"
    }, 
    {
        "id": "BrasiliaAthena-216x120-0-0-1-0", 
        "price": 2509.98, 
        "url": "https://screen-house.com/buy/athena.json"
    }, 
    {
        "id": "BrasiliaAthena-216x120-0-0-1-1", 
        "price": 2859.97, 
        "url": "https://screen-house.com/buy/athena.json"
    }, 
    {
        "id": "BrasiliaAthena-216x120-0-1-0-0", 
        "price": 2924.98, 
        "url": "https://screen-house.com/buy/athena.json"
    }, 
    {
        "id": "BrasiliaAthena-216x120-0-1-0-1", 
        "price": 3274.97, 
        "url": "https://screen-house.com/buy/athena.json"
    }, 
    {
        "id": "BrasiliaAthena-216x120-0-1-1-0", 
        "price": 3074.97, 
        "url": "https://screen-house.com/buy/athena.json"
    }, 
    {
        "id": "BrasiliaAthena-216x120-0-1-1-1", 
        "price": 3424.96, 
        "url": "https://screen-house.com/buy/athena.json"
    }, 
    {
        "id": "BrasiliaAthena-216x120-1-0-0-0", 
        "price": 2749.99, 
        "url": "https://screen-house.com/buy/athena.json"
    }, 
    {
        "id": "BrasiliaAthena-216x120-1-0-0-1", 
        "price": 3099.98, 
        "url": "https://screen-house.com/buy/athena.json"
    }, 
    {
        "id": "BrasiliaAthena-216x120-1-0-1-0", 
        "price": 2899.98, 
        "url": "https://screen-house.com/buy/athena.json"
    }, 
    {
        "id": "BrasiliaAthena-216x120-1-0-1-1", 
        "price": 3249.97, 
        "url": "https://screen-house.com/buy/athena.json"
    }, 
    {
        "id": "BrasiliaAthena-216x120-1-1-0-0", 
        "price": 3314.98, 
        "url": "https://screen-house.com/buy/athena.json"
    }, 
    {
        "id": "BrasiliaAthena-216x120-1-1-0-1", 
        "price": 3664.97, 
        "url": "https://screen-house.com/buy/athena.json"
    }, 
    {
        "id": "BrasiliaAthena-216x120-1-1-1-0", 
        "price": 3464.97, 
        "url": "https://screen-house.com/buy/athena.json"
    }, 
    {
        "id": "BrasiliaAthena-216x120-1-1-1-1", 
        "price": 3814.96, 
        "url": "https://screen-house.com/buy/athena.json"
    }, 
    {
        "id": "BrasiliaAthena-228x120-1-0-0-0", 
        "price": 2829.99, 
        "url": "https://screen-house.com/buy/athena.json"
    }, 
    {
        "id": "BrasiliaAthena-228x120-1-0-0-1", 
        "price": 3189.98, 
        "url": "https://screen-house.com/buy/athena.json"
    }, 
    {
        "id": "BrasiliaAthena-228x120-1-0-1-0", 
        "price": 2979.98, 
        "url": "https://screen-house.com/buy/athena.json"
    }, 
    {
        "id": "BrasiliaAthena-228x120-1-0-1-1", 
        "price": 3339.97, 
        "url": "https://screen-house.com/buy/athena.json"
    }, 
    {
        "id": "BrasiliaAthena-228x120-1-1-0-0", 
        "price": 3414.98, 
        "url": "https://screen-house.com/buy/athena.json"
    }, 
    {
        "id": "BrasiliaAthena-228x120-1-1-0-1", 
        "price": 3774.97, 
        "url": "https://screen-house.com/buy/athena.json"
    }, 
    {
        "id": "BrasiliaAthena-228x120-1-1-1-0", 
        "price": 3564.97, 
        "url": "https://screen-house.com/buy/athena.json"
    }, 
    {
        "id": "BrasiliaAthena-228x120-1-1-1-1", 
        "price": 3924.96, 
        "url": "https://screen-house.com/buy/athena.json"
    }, 
    {
        "id": "BrasiliaAthena-240x120-1-0-0-0", 
        "price": 2859.99, 
        "url": "https://screen-house.com/buy/athena.json"
    }, 
    {
        "id": "BrasiliaAthena-240x120-1-0-0-1", 
        "price": 3229.98, 
        "url": "https://screen-house.com/buy/athena.json"
    }, 
    {
        "id": "BrasiliaAthena-240x120-1-0-1-0", 
        "price": 3009.98, 
        "url": "https://screen-house.com/buy/athena.json"
    }, 
    {
        "id": "BrasiliaAthena-240x120-1-0-1-1", 
        "price": 3379.97, 
        "url": "https://screen-house.com/buy/athena.json"
    }, 
    {
        "id": "BrasiliaAthena-240x120-1-1-0-0", 
        "price": 3444.98, 
        "url": "https://screen-house.com/buy/athena.json"
    }, 
    {
        "id": "BrasiliaAthena-240x120-1-1-0-1", 
        "price": 3814.97, 
        "url": "https://screen-house.com/buy/athena.json"
    }, 
    {
        "id": "BrasiliaAthena-240x120-1-1-1-0", 
        "price": 3594.97, 
        "url": "https://screen-house.com/buy/athena.json"
    }, 
    {
        "id": "BrasiliaAthena-240x120-1-1-1-1", 
        "price": 3964.96, 
        "url": "https://screen-house.com/buy/athena.json"
    }, 
    {
        "id": "BrasiliaAthena-168x140-1-0-0-0", 
        "price": 2519.99, 
        "url": "https://screen-house.com/buy/athena.json"
    }, 
    {
        "id": "BrasiliaAthena-168x140-1-0-0-1", 
        "price": 2829.98, 
        "url": "https://screen-house.com/buy/athena.json"
    }, 
    {
        "id": "BrasiliaAthena-168x140-1-0-1-0", 
        "price": 2669.98, 
        "url": "https://screen-house.com/buy/athena.json"
    }, 
    {
        "id": "BrasiliaAthena-168x140-1-0-1-1", 
        "price": 2979.97, 
        "url": "https://screen-house.com/buy/athena.json"
    }, 
    {
        "id": "BrasiliaAthena-168x140-1-1-0-0", 
        "price": 2994.98, 
        "url": "https://screen-house.com/buy/athena.json"
    }, 
    {
        "id": "BrasiliaAthena-168x140-1-1-0-1", 
        "price": 3304.97, 
        "url": "https://screen-house.com/buy/athena.json"
    }, 
    {
        "id": "BrasiliaAthena-168x140-1-1-1-0", 
        "price": 3144.97, 
        "url": "https://screen-house.com/buy/athena.json"
    }, 
    {
        "id": "BrasiliaAthena-168x140-1-1-1-1", 
        "price": 3454.96, 
        "url": "https://screen-house.com/buy/athena.json"
    }, 
    {
        "id": "BrasiliaAthena-180x140-1-0-0-0", 
        "price": 2629.99, 
        "url": "https://screen-house.com/buy/athena.json"
    }, 
    {
        "id": "BrasiliaAthena-180x140-1-0-0-1", 
        "price": 2949.98, 
        "url": "https://screen-house.com/buy/athena.json"
    }, 
    {
        "id": "BrasiliaAthena-180x140-1-0-1-0", 
        "price": 2779.98, 
        "url": "https://screen-house.com/buy/athena.json"
    }, 
    {
        "id": "BrasiliaAthena-180x140-1-0-1-1", 
        "price": 3099.97, 
        "url": "https://screen-house.com/buy/athena.json"
    }, 
    {
        "id": "BrasiliaAthena-180x140-1-1-0-0", 
        "price": 3124.98, 
        "url": "https://screen-house.com/buy/athena.json"
    }, 
    {
        "id": "BrasiliaAthena-180x140-1-1-0-1", 
        "price": 3444.97, 
        "url": "https://screen-house.com/buy/athena.json"
    }, 
    {
        "id": "BrasiliaAthena-180x140-1-1-1-0", 
        "price": 3274.97, 
        "url": "https://screen-house.com/buy/athena.json"
    }, 
    {
        "id": "BrasiliaAthena-180x140-1-1-1-1", 
        "price": 3594.96, 
        "url": "https://screen-house.com/buy/athena.json"
    }, 
    {
        "id": "BrasiliaAthena-192x140-1-0-0-0", 
        "price": 2649.99, 
        "url": "https://screen-house.com/buy/athena.json"
    }, 
    {
        "id": "BrasiliaAthena-192x140-1-0-0-1", 
        "price": 2979.98, 
        "url": "https://screen-house.com/buy/athena.json"
    }, 
    {
        "id": "BrasiliaAthena-192x140-1-0-1-0", 
        "price": 2799.98, 
        "url": "https://screen-house.com/buy/athena.json"
    }, 
    {
        "id": "BrasiliaAthena-192x140-1-0-1-1", 
        "price": 3129.97, 
        "url": "https://screen-house.com/buy/athena.json"
    }, 
    {
        "id": "BrasiliaAthena-192x140-1-1-0-0", 
        "price": 3174.98, 
        "url": "https://screen-house.com/buy/athena.json"
    }, 
    {
        "id": "BrasiliaAthena-192x140-1-1-0-1", 
        "price": 3504.97, 
        "url": "https://screen-house.com/buy/athena.json"
    }, 
    {
        "id": "BrasiliaAthena-192x140-1-1-1-0", 
        "price": 3324.97, 
        "url": "https://screen-house.com/buy/athena.json"
    }, 
    {
        "id": "BrasiliaAthena-192x140-1-1-1-1", 
        "price": 3654.96, 
        "url": "https://screen-house.com/buy/athena.json"
    }, 
    {
        "id": "BrasiliaAthena-204x140-1-0-0-0", 
        "price": 2759.99, 
        "url": "https://screen-house.com/buy/athena.json"
    }, 
    {
        "id": "BrasiliaAthena-204x140-1-0-0-1", 
        "price": 3099.98, 
        "url": "https://screen-house.com/buy/athena.json"
    }, 
    {
        "id": "BrasiliaAthena-204x140-1-0-1-0", 
        "price": 2909.98, 
        "url": "https://screen-house.com/buy/athena.json"
    }, 
    {
        "id": "BrasiliaAthena-204x140-1-0-1-1", 
        "price": 3249.97, 
        "url": "https://screen-house.com/buy/athena.json"
    }, 
    {
        "id": "BrasiliaAthena-204x140-1-1-0-0", 
        "price": 3294.98, 
        "url": "https://screen-house.com/buy/athena.json"
    }, 
    {
        "id": "BrasiliaAthena-204x140-1-1-0-1", 
        "price": 3634.97, 
        "url": "https://screen-house.com/buy/athena.json"
    }, 
    {
        "id": "BrasiliaAthena-204x140-1-1-1-0", 
        "price": 3444.97, 
        "url": "https://screen-house.com/buy/athena.json"
    }, 
    {
        "id": "BrasiliaAthena-204x140-1-1-1-1", 
        "price": 3784.96, 
        "url": "https://screen-house.com/buy/athena.json"
    }, 
    {
        "id": "BrasiliaAthena-216x140-1-0-0-0", 
        "price": 2819.99, 
        "url": "https://screen-house.com/buy/athena.json"
    }, 
    {
        "id": "BrasiliaAthena-216x140-1-0-0-1", 
        "price": 3169.98, 
        "url": "https://screen-house.com/buy/athena.json"
    }, 
    {
        "id": "BrasiliaAthena-216x140-1-0-1-0", 
        "price": 2969.98, 
        "url": "https://screen-house.com/buy/athena.json"
    }, 
    {
        "id": "BrasiliaAthena-216x140-1-0-1-1", 
        "price": 3319.97, 
        "url": "https://screen-house.com/buy/athena.json"
    }, 
    {
        "id": "BrasiliaAthena-216x140-1-1-0-0", 
        "price": 3384.98, 
        "url": "https://screen-house.com/buy/athena.json"
    }, 
    {
        "id": "BrasiliaAthena-216x140-1-1-0-1", 
        "price": 3734.97, 
        "url": "https://screen-house.com/buy/athena.json"
    }, 
    {
        "id": "BrasiliaAthena-216x140-1-1-1-0", 
        "price": 3534.97, 
        "url": "https://screen-house.com/buy/athena.json"
    }, 
    {
        "id": "BrasiliaAthena-216x140-1-1-1-1", 
        "price": 3884.96, 
        "url": "https://screen-house.com/buy/athena.json"
    }, 
    {
        "id": "BrasiliaAthena-228x140-1-0-0-0", 
        "price": 2989.99, 
        "url": "https://screen-house.com/buy/athena.json"
    }, 
    {
        "id": "BrasiliaAthena-228x140-1-0-0-1", 
        "price": 3349.98, 
        "url": "https://screen-house.com/buy/athena.json"
    }, 
    {
        "id": "BrasiliaAthena-228x140-1-0-1-0", 
        "price": 3139.98, 
        "url": "https://screen-house.com/buy/athena.json"
    }, 
    {
        "id": "BrasiliaAthena-228x140-1-0-1-1", 
        "price": 3499.97, 
        "url": "https://screen-house.com/buy/athena.json"
    }, 
    {
        "id": "BrasiliaAthena-228x140-1-1-0-0", 
        "price": 3574.98, 
        "url": "https://screen-house.com/buy/athena.json"
    }, 
    {
        "id": "BrasiliaAthena-228x140-1-1-0-1", 
        "price": 3934.97, 
        "url": "https://screen-house.com/buy/athena.json"
    }, 
    {
        "id": "BrasiliaAthena-228x140-1-1-1-0", 
        "price": 3724.97, 
        "url": "https://screen-house.com/buy/athena.json"
    }, 
    {
        "id": "BrasiliaAthena-228x140-1-1-1-1", 
        "price": 4084.96, 
        "url": "https://screen-house.com/buy/athena.json"
    }, 
    {
        "id": "BrasiliaAthena-240x140-1-0-0-0", 
        "price": 3009.99, 
        "url": "https://screen-house.com/buy/athena.json"
    }, 
    {
        "id": "BrasiliaAthena-240x140-1-0-0-1", 
        "price": 3379.98, 
        "url": "https://screen-house.com/buy/athena.json"
    }, 
    {
        "id": "BrasiliaAthena-240x140-1-0-1-0", 
        "price": 3159.98, 
        "url": "https://screen-house.com/buy/athena.json"
    }, 
    {
        "id": "BrasiliaAthena-240x140-1-0-1-1", 
        "price": 3529.97, 
        "url": "https://screen-house.com/buy/athena.json"
    }, 
    {
        "id": "BrasiliaAthena-240x140-1-1-0-0", 
        "price": 3594.98, 
        "url": "https://screen-house.com/buy/athena.json"
    }, 
    {
        "id": "BrasiliaAthena-240x140-1-1-0-1", 
        "price": 3964.97, 
        "url": "https://screen-house.com/buy/athena.json"
    }, 
    {
        "id": "BrasiliaAthena-240x140-1-1-1-0", 
        "price": 3744.97, 
        "url": "https://screen-house.com/buy/athena.json"
    }, 
    {
        "id": "BrasiliaAthena-240x140-1-1-1-1", 
        "price": 4114.96, 
        "url": "https://screen-house.com/buy/athena.json"
    }
]