[
    {
        "id": "nsAzul-144-0", 
        "price": 3739.99, 
        "url": "https://screen-house.com/buy/azul.json"
    }, 
    {
        "id": "nsAzul-144-1", 
        "price": 3999.99, 
        "url": "https://screen-house.com/buy/azul.json"
    }, 
    {
        "id": "nsAzul-192-0", 
        "price": 3819.99, 
        "url": "https://screen-house.com/buy/azul.json"
    }, 
    {
        "id": "nsAzul-192-1", 
        "price": 4099.99, 
        "url": "https://screen-house.com/buy/azul.json"
    }
]