[
    {
        "id": "Enclosure-P8W16", 
        "price": 2810.63, 
        "url": "https://screen-house.com/buy/enclosures.json"
    }, 
    {
        "id": "Enclosure-P8W20", 
        "price": 3139.41, 
        "url": "https://screen-house.com/buy/enclosures.json"
    }, 
    {
        "id": "Enclosure-P8W24", 
        "price": 3444.89, 
        "url": "https://screen-house.com/buy/enclosures.json"
    }, 
    {
        "id": "Enclosure-P10W20", 
        "price": 3512.05, 
        "url": "https://screen-house.com/buy/enclosures.json"
    }, 
    {
        "id": "Enclosure-P10W24", 
        "price": 3902.35, 
        "url": "https://screen-house.com/buy/enclosures.json"
    }, 
    {
        "id": "Enclosure-P12W16", 
        "price": 3793.41, 
        "url": "https://screen-house.com/buy/enclosures.json"
    }, 
    {
        "id": "Enclosure-P12W20", 
        "price": 4803.24, 
        "url": "https://screen-house.com/buy/enclosures.json"
    }, 
    {
        "id": "Enclosure-P12W24", 
        "price": 4340.55, 
        "url": "https://screen-house.com/buy/enclosures.json"
    }, 
    {
        "id": "Enclosure-P12W28", 
        "price": 5764.97, 
        "url": "https://screen-house.com/buy/enclosures.json"
    }, 
    {
        "id": "Enclosure-P14W24", 
        "price": 6417.57, 
        "url": "https://screen-house.com/buy/enclosures.json"
    }
]