[
    {
        "id": "BrasiliaEuropa-120x96-0-0", 
        "price": 1889.99, 
        "url": "https://screen-house.com/buy/europa.json"
    }, 
    {
        "id": "BrasiliaEuropa-120x96-0-1", 
        "price": 2159.98, 
        "url": "https://screen-house.com/buy/europa.json"
    }, 
    {
        "id": "BrasiliaEuropa-120x96-1-0", 
        "price": 2339.99, 
        "url": "https://screen-house.com/buy/europa.json"
    }, 
    {
        "id": "BrasiliaEuropa-120x96-1-1", 
        "price": 2609.98, 
        "url": "https://screen-house.com/buy/europa.json"
    }, 
    {
        "id": "BrasiliaEuropa-132x96-0-0", 
        "price": 1919.99, 
        "url": "https://screen-house.com/buy/europa.json"
    }, 
    {
        "id": "BrasiliaEuropa-132x96-0-1", 
        "price": 2198.99, 
        "url": "https://screen-house.com/buy/europa.json"
    }, 
    {
        "id": "BrasiliaEuropa-132x96-1-0", 
        "price": 2369.99, 
        "url": "https://screen-house.com/buy/europa.json"
    }, 
    {
        "id": "BrasiliaEuropa-132x96-1-1", 
        "price": 2648.99, 
        "url": "https://screen-house.com/buy/europa.json"
    }, 
    {
        "id": "BrasiliaEuropa-144x120-0-0", 
        "price": 2019.99, 
        "url": "https://screen-house.com/buy/europa.json"
    }, 
    {
        "id": "BrasiliaEuropa-144x120-0-1", 
        "price": 2309.98, 
        "url": "https://screen-house.com/buy/europa.json"
    }, 
    {
        "id": "BrasiliaEuropa-144x120-1-0", 
        "price": 2459.99, 
        "url": "https://screen-house.com/buy/europa.json"
    }, 
    {
        "id": "BrasiliaEuropa-144x120-1-1", 
        "price": 2749.98, 
        "url": "https://screen-house.com/buy/europa.json"
    }, 
    {
        "id": "BrasiliaEuropa-156x120-0-0", 
        "price": 2099.99, 
        "url": "https://screen-house.com/buy/europa.json"
    }, 
    {
        "id": "BrasiliaEuropa-156x120-0-1", 
        "price": 2399.98, 
        "url": "https://screen-house.com/buy/europa.json"
    }, 
    {
        "id": "BrasiliaEuropa-156x120-1-0", 
        "price": 2589.99, 
        "url": "https://screen-house.com/buy/europa.json"
    }, 
    {
        "id": "BrasiliaEuropa-156x120-1-1", 
        "price": 2889.98, 
        "url": "https://screen-house.com/buy/europa.json"
    }, 
    {
        "id": "BrasiliaEuropa-168x120-0-0", 
        "price": 2209.99, 
        "url": "https://screen-house.com/buy/europa.json"
    }, 
    {
        "id": "BrasiliaEuropa-168x120-0-1", 
        "price": 2519.98, 
        "url": "https://screen-house.com/buy/europa.json"
    }, 
    {
        "id": "BrasiliaEuropa-168x120-1-0", 
        "price": 2629.99, 
        "url": "https://screen-house.com/buy/europa.json"
    }, 
    {
        "id": "BrasiliaEuropa-168x120-1-1", 
        "price": 2939.98, 
        "url": "https://screen-house.com/buy/europa.json"
    }, 
    {
        "id": "BrasiliaEuropa-180x120-0-0", 
        "price": 2219.99, 
        "url": "https://screen-house.com/buy/europa.json"
    }, 
    {
        "id": "BrasiliaEuropa-180x120-0-1", 
        "price": 2539.98, 
        "url": "https://screen-house.com/buy/europa.json"
    }, 
    {
        "id": "BrasiliaEuropa-180x120-1-0", 
        "price": 2709.99, 
        "url": "https://screen-house.com/buy/europa.json"
    }, 
    {
        "id": "BrasiliaEuropa-180x120-1-1", 
        "price": 3029.98, 
        "url": "https://screen-house.com/buy/europa.json"
    }, 
    {
        "id": "BrasiliaEuropa-192x120-0-0", 
        "price": 2269.99, 
        "url": "https://screen-house.com/buy/europa.json"
    }, 
    {
        "id": "BrasiliaEuropa-192x120-0-1", 
        "price": 2599.98, 
        "url": "https://screen-house.com/buy/europa.json"
    }, 
    {
        "id": "BrasiliaEuropa-192x120-1-0", 
        "price": 2789.99, 
        "url": "https://screen-house.com/buy/europa.json"
    }, 
    {
        "id": "BrasiliaEuropa-192x120-1-1", 
        "price": 3119.98, 
        "url": "https://screen-house.com/buy/europa.json"
    }, 
    {
        "id": "BrasiliaEuropa-204x120-0-0", 
        "price": 2449.99, 
        "url": "https://screen-house.com/buy/europa.json"
    }, 
    {
        "id": "BrasiliaEuropa-204x120-0-1", 
        "price": 2789.98, 
        "url": "https://screen-house.com/buy/europa.json"
    }, 
    {
        "id": "BrasiliaEuropa-204x120-1-0", 
        "price": 3029.99, 
        "url": "https://screen-house.com/buy/europa.json"
    }, 
    {
        "id": "BrasiliaEuropa-204x120-1-1", 
        "price": 3369.98, 
        "url": "https://screen-house.com/buy/europa.json"
    }, 
    {
        "id": "BrasiliaEuropa-216x120-0-0", 
        "price": 2519.99, 
        "url": "https://screen-house.com/buy/europa.json"
    }, 
    {
        "id": "BrasiliaEuropa-216x120-0-1", 
        "price": 2869.98, 
        "url": "https://screen-house.com/buy/europa.json"
    }, 
    {
        "id": "BrasiliaEuropa-216x120-1-0", 
        "price": 3079.99, 
        "url": "https://screen-house.com/buy/europa.json"
    }, 
    {
        "id": "BrasiliaEuropa-216x120-1-1", 
        "price": 3429.98, 
        "url": "https://screen-house.com/buy/europa.json"
    }, 
    {
        "id": "BrasiliaEuropa-228x120-1-0", 
        "price": 3129.99, 
        "url": "https://screen-house.com/buy/europa.json"
    }, 
    {
        "id": "BrasiliaEuropa-228x120-1-1", 
        "price": 3489.98, 
        "url": "https://screen-house.com/buy/europa.json"
    }, 
    {
        "id": "BrasiliaEuropa-240x120-1-0", 
        "price": 3239.99, 
        "url": "https://screen-house.com/buy/europa.json"
    }, 
    {
        "id": "BrasiliaEuropa-240x120-1-1", 
        "price": 3609.98, 
        "url": "https://screen-house.com/buy/europa.json"
    }, 
    {
        "id": "BrasiliaEuropa-168x140-1-0", 
        "price": 2709.99, 
        "url": "https://screen-house.com/buy/europa.json"
    }, 
    {
        "id": "BrasiliaEuropa-168x140-1-1", 
        "price": 3019.98, 
        "url": "https://screen-house.com/buy/europa.json"
    }, 
    {
        "id": "BrasiliaEuropa-180x140-1-0", 
        "price": 2839.99, 
        "url": "https://screen-house.com/buy/europa.json"
    }, 
    {
        "id": "BrasiliaEuropa-180x140-1-1", 
        "price": 3159.98, 
        "url": "https://screen-house.com/buy/europa.json"
    }, 
    {
        "id": "BrasiliaEuropa-192x140-1-0", 
        "price": 2879.99, 
        "url": "https://screen-house.com/buy/europa.json"
    }, 
    {
        "id": "BrasiliaEuropa-192x140-1-1", 
        "price": 3209.98, 
        "url": "https://screen-house.com/buy/europa.json"
    }, 
    {
        "id": "BrasiliaEuropa-204x140-1-0", 
        "price": 3089.99, 
        "url": "https://screen-house.com/buy/europa.json"
    }, 
    {
        "id": "BrasiliaEuropa-204x140-1-1", 
        "price": 3429.98, 
        "url": "https://screen-house.com/buy/europa.json"
    }, 
    {
        "id": "BrasiliaEuropa-216x140-1-0", 
        "price": 3179.99, 
        "url": "https://screen-house.com/buy/europa.json"
    }, 
    {
        "id": "BrasiliaEuropa-216x140-1-1", 
        "price": 3529.98, 
        "url": "https://screen-house.com/buy/europa.json"
    }, 
    {
        "id": "BrasiliaEuropa-228x140-1-0", 
        "price": 3309.99, 
        "url": "https://screen-house.com/buy/europa.json"
    }, 
    {
        "id": "BrasiliaEuropa-228x140-1-1", 
        "price": 3669.98, 
        "url": "https://screen-house.com/buy/europa.json"
    }, 
    {
        "id": "BrasiliaEuropa-240x140-1-0", 
        "price": 3419.99, 
        "url": "https://screen-house.com/buy/europa.json"
    }, 
    {
        "id": "BrasiliaEuropa-240x140-1-1", 
        "price": 3789.98, 
        "url": "https://screen-house.com/buy/europa.json"
    }
]