[
    {
        "id": "FlatPan-T024P8W16", 
        "price": 989.3, 
        "url": "https://screen-house.com/buy/flatpancovers.json"
    }, 
    {
        "id": "FlatPan-T024P8W20", 
        "price": 1151.8, 
        "url": "https://screen-house.com/buy/flatpancovers.json"
    }, 
    {
        "id": "FlatPan-T024P10W20", 
        "price": 1294.8, 
        "url": "https://screen-house.com/buy/flatpancovers.json"
    }, 
    {
        "id": "FlatPan-T024P10W24", 
        "price": 1471.6, 
        "url": "https://screen-house.com/buy/flatpancovers.json"
    }, 
    {
        "id": "FlatPan-T024P12W20", 
        "price": 1466.4, 
        "url": "https://screen-house.com/buy/flatpancovers.json"
    }, 
    {
        "id": "FlatPan-T024P12W24", 
        "price": 1656.2, 
        "url": "https://screen-house.com/buy/flatpancovers.json"
    }, 
    {
        "id": "FlatPan-T024P20W20", 
        "price": 2063.1, 
        "url": "https://screen-house.com/buy/flatpancovers.json"
    }, 
    {
        "id": "FlatPan-T024P20W24", 
        "price": 2382.9, 
        "url": "https://screen-house.com/buy/flatpancovers.json"
    }, 
    {
        "id": "FlatPan-T030P8W16", 
        "price": 1071.2, 
        "url": "https://screen-house.com/buy/flatpancovers.json"
    }, 
    {
        "id": "FlatPan-T030P8W20", 
        "price": 1254.5, 
        "url": "https://screen-house.com/buy/flatpancovers.json"
    }, 
    {
        "id": "FlatPan-T030P10W20", 
        "price": 1423.5, 
        "url": "https://screen-house.com/buy/flatpancovers.json"
    }, 
    {
        "id": "FlatPan-T030P10W24", 
        "price": 1626.3, 
        "url": "https://screen-house.com/buy/flatpancovers.json"
    }, 
    {
        "id": "FlatPan-T030P12W20", 
        "price": 1621.1, 
        "url": "https://screen-house.com/buy/flatpancovers.json"
    }, 
    {
        "id": "FlatPan-T030P12W24", 
        "price": 1842.1, 
        "url": "https://screen-house.com/buy/flatpancovers.json"
    }, 
    {
        "id": "FlatPan-T030P20W20", 
        "price": 2323.1, 
        "url": "https://screen-house.com/buy/flatpancovers.json"
    }, 
    {
        "id": "FlatPan-T030P20W24", 
        "price": 2694.9, 
        "url": "https://screen-house.com/buy/flatpancovers.json"
    }, 
    {
        "id": "FlatPan-C024P8W16", 
        "price": 1400.36, 
        "url": "https://screen-house.com/buy/flatpancovers.json"
    }, 
    {
        "id": "FlatPan-C024P8W20", 
        "price": 1633.06, 
        "url": "https://screen-house.com/buy/flatpancovers.json"
    }, 
    {
        "id": "FlatPan-C024P10W20", 
        "price": 1844.7, 
        "url": "https://screen-house.com/buy/flatpancovers.json"
    }, 
    {
        "id": "FlatPan-C024P10W24", 
        "price": 2107.3, 
        "url": "https://screen-house.com/buy/flatpancovers.json"
    }, 
    {
        "id": "FlatPan-C024P20W20", 
        "price": 3244.8, 
        "url": "https://screen-house.com/buy/flatpancovers.json"
    }, 
    {
        "id": "FlatPan-C024P20W24", 
        "price": 3944.2, 
        "url": "https://screen-house.com/buy/flatpancovers.json"
    }, 
    {
        "id": "FlatPan-C030P8W16", 
        "price": 1482.26, 
        "url": "https://screen-house.com/buy/flatpancovers.json"
    }, 
    {
        "id": "FlatPan-C030P8W20", 
        "price": 1735.76, 
        "url": "https://screen-house.com/buy/flatpancovers.json"
    }, 
    {
        "id": "FlatPan-C030P10W20", 
        "price": 1973.4, 
        "url": "https://screen-house.com/buy/flatpancovers.json"
    }, 
    {
        "id": "FlatPan-C030P10W24", 
        "price": 2262.0, 
        "url": "https://screen-house.com/buy/flatpancovers.json"
    }, 
    {
        "id": "FlatPan-C030P12W20", 
        "price": 2177.5, 
        "url": "https://screen-house.com/buy/flatpancovers.json"
    }, 
    {
        "id": "FlatPan-C030P12W24", 
        "price": 2414.1, 
        "url": "https://screen-house.com/buy/flatpancovers.json"
    }, 
    {
        "id": "FlatPan-C030P20W20", 
        "price": 3504.8, 
        "url": "https://screen-house.com/buy/flatpancovers.json"
    }, 
    {
        "id": "FlatPan-C030P20W24", 
        "price": 4256.2, 
        "url": "https://screen-house.com/buy/flatpancovers.json"
    }
]