[
    {
        "id": "hoodCover-120", 
        "price": 499.99, 
        "url": "https://screen-house.com/buy/hoodcover.json"
    }, 
    {
        "id": "hoodCover-132", 
        "price": 499.99, 
        "url": "https://screen-house.com/buy/hoodcover.json"
    }, 
    {
        "id": "hoodCover-144", 
        "price": 509.99, 
        "url": "https://screen-house.com/buy/hoodcover.json"
    }, 
    {
        "id": "hoodCover-156", 
        "price": 539.99, 
        "url": "https://screen-house.com/buy/hoodcover.json"
    }, 
    {
        "id": "hoodCover-168", 
        "price": 549.99, 
        "url": "https://screen-house.com/buy/hoodcover.json"
    }, 
    {
        "id": "hoodCover-180", 
        "price": 559.99, 
        "url": "https://screen-house.com/buy/hoodcover.json"
    }, 
    {
        "id": "hoodCover-192", 
        "price": 589.99, 
        "url": "https://screen-house.com/buy/hoodcover.json"
    }, 
    {
        "id": "hoodCover-204", 
        "price": 599.99, 
        "url": "https://screen-house.com/buy/hoodcover.json"
    }, 
    {
        "id": "hoodCover-216", 
        "price": 629.99, 
        "url": "https://screen-house.com/buy/hoodcover.json"
    }, 
    {
        "id": "hoodCover-228", 
        "price": 649.99, 
        "url": "https://screen-house.com/buy/hoodcover.json"
    }, 
    {
        "id": "hoodCover-240", 
        "price": 649.99, 
        "url": "https://screen-house.com/buy/hoodcover.json"
    }
]