[
    {
        "id": "Insulated-T3P10W20", 
        "price": 2393.09, 
        "url": "https://screen-house.com/buy/insulatedcovers.json"
    }, 
    {
        "id": "Insulated-T3P10W24", 
        "price": 2706.45, 
        "url": "https://screen-house.com/buy/insulatedcovers.json"
    }, 
    {
        "id": "Insulated-T3P12W20", 
        "price": 2703.79, 
        "url": "https://screen-house.com/buy/insulatedcovers.json"
    }, 
    {
        "id": "Insulated-T3P12W24", 
        "price": 3079.49, 
        "url": "https://screen-house.com/buy/insulatedcovers.json"
    }, 
    {
        "id": "Insulated-T3P20W20", 
        "price": 4151.17, 
        "url": "https://screen-house.com/buy/insulatedcovers.json"
    }, 
    {
        "id": "Insulated-T3P20W24", 
        "price": 4825.05, 
        "url": "https://screen-house.com/buy/insulatedcovers.json"
    }, 
    {
        "id": "Insulated-T3P24W20", 
        "price": 4836.75, 
        "url": "https://screen-house.com/buy/insulatedcovers.json"
    }, 
    {
        "id": "Insulated-T3P24W24", 
        "price": 5591.24, 
        "url": "https://screen-house.com/buy/insulatedcovers.json"
    }, 
    {
        "id": "Insulated-T4P10W20", 
        "price": 2572.49, 
        "url": "https://screen-house.com/buy/insulatedcovers.json"
    }, 
    {
        "id": "Insulated-T4P10W24", 
        "price": 2914.39, 
        "url": "https://screen-house.com/buy/insulatedcovers.json"
    }, 
    {
        "id": "Insulated-T4P12W20", 
        "price": 2910.49, 
        "url": "https://screen-house.com/buy/insulatedcovers.json"
    }, 
    {
        "id": "Insulated-T4P12W24", 
        "price": 3317.39, 
        "url": "https://screen-house.com/buy/insulatedcovers.json"
    }, 
    {
        "id": "Insulated-T4P20W20", 
        "price": 4482.67, 
        "url": "https://screen-house.com/buy/insulatedcovers.json"
    }, 
    {
        "id": "Insulated-T4P20W24", 
        "price": 5216.35, 
        "url": "https://screen-house.com/buy/insulatedcovers.json"
    }, 
    {
        "id": "Insulated-T4P24W20", 
        "price": 5244.95, 
        "url": "https://screen-house.com/buy/insulatedcovers.json"
    }, 
    {
        "id": "Insulated-T4P24W24", 
        "price": 6069.64, 
        "url": "https://screen-house.com/buy/insulatedcovers.json"
    }, 
    {
        "id": "Insulated-C3P10W20", 
        "price": 2848.22, 
        "url": "https://screen-house.com/buy/insulatedcovers.json"
    }, 
    {
        "id": "Insulated-C3P10W24", 
        "price": 3232.63, 
        "url": "https://screen-house.com/buy/insulatedcovers.json"
    }, 
    {
        "id": "Insulated-C3P12W20", 
        "price": 3165.42, 
        "url": "https://screen-house.com/buy/insulatedcovers.json"
    }, 
    {
        "id": "Insulated-C3P12W24", 
        "price": 3612.23, 
        "url": "https://screen-house.com/buy/insulatedcovers.json"
    }, 
    {
        "id": "Insulated-C3P20W20", 
        "price": 5061.43, 
        "url": "https://screen-house.com/buy/insulatedcovers.json"
    }, 
    {
        "id": "Insulated-C3P20W24", 
        "price": 5890.53, 
        "url": "https://screen-house.com/buy/insulatedcovers.json"
    }, 
    {
        "id": "Insulated-C3P24W20", 
        "price": 5747.01, 
        "url": "https://screen-house.com/buy/insulatedcovers.json"
    }, 
    {
        "id": "Insulated-C3P24W24", 
        "price": 6656.72, 
        "url": "https://screen-house.com/buy/insulatedcovers.json"
    }
]