[
    {
        "id": "Navigloo-8-14-0-0", 
        "price": 418.74, 
        "url": "https://screen-house.com/buy/navigloo.json"
    }, 
    {
        "id": "Navigloo-8-14-0-1", 
        "price": 572.73, 
        "url": "https://screen-house.com/buy/navigloo.json"
    }, 
    {
        "id": "Navigloo-8-14-1-0", 
        "price": 494.99, 
        "url": "https://screen-house.com/buy/navigloo.json"
    }, 
    {
        "id": "Navigloo-8-14-1-1", 
        "price": 648.98, 
        "url": "https://screen-house.com/buy/navigloo.json"
    }, 
    {
        "id": "Navigloo-14-17-0-0", 
        "price": 489.99, 
        "url": "https://screen-house.com/buy/navigloo.json"
    }, 
    {
        "id": "Navigloo-14-17-0-1", 
        "price": 643.98, 
        "url": "https://screen-house.com/buy/navigloo.json"
    }, 
    {
        "id": "Navigloo-14-17-1-0", 
        "price": 591.99, 
        "url": "https://screen-house.com/buy/navigloo.json"
    }, 
    {
        "id": "Navigloo-14-17-1-1", 
        "price": 745.98, 
        "url": "https://screen-house.com/buy/navigloo.json"
    }, 
    {
        "id": "Navigloo-18-24-0-0", 
        "price": 624.99, 
        "url": "https://screen-house.com/buy/navigloo.json"
    }, 
    {
        "id": "Navigloo-18-24-0-1", 
        "price": 778.98, 
        "url": "https://screen-house.com/buy/navigloo.json"
    }, 
    {
        "id": "Navigloo-18-24-1-0", 
        "price": 739.99, 
        "url": "https://screen-house.com/buy/navigloo.json"
    }, 
    {
        "id": "Navigloo-18-24-1-1", 
        "price": 893.98, 
        "url": "https://screen-house.com/buy/navigloo.json"
    }, 
    {
        "id": "Navigloo-25-30-0-0", 
        "price": 749.99, 
        "url": "https://screen-house.com/buy/navigloo.json"
    }, 
    {
        "id": "Navigloo-25-30-0-1", 
        "price": 903.98, 
        "url": "https://screen-house.com/buy/navigloo.json"
    }, 
    {
        "id": "Navigloo-25-30-1-0", 
        "price": 893.74, 
        "url": "https://screen-house.com/buy/navigloo.json"
    }, 
    {
        "id": "Navigloo-25-30-1-1", 
        "price": 1047.73, 
        "url": "https://screen-house.com/buy/navigloo.json"
    }, 
    {
        "id": "Navigloo-31-35-0-0", 
        "price": 888.74, 
        "url": "https://screen-house.com/buy/navigloo.json"
    }, 
    {
        "id": "Navigloo-31-35-0-1", 
        "price": 1042.73, 
        "url": "https://screen-house.com/buy/navigloo.json"
    }, 
    {
        "id": "Navigloo-31-35-1-0", 
        "price": 1043.74, 
        "url": "https://screen-house.com/buy/navigloo.json"
    }, 
    {
        "id": "Navigloo-31-35-1-1", 
        "price": 1197.73, 
        "url": "https://screen-house.com/buy/navigloo.json"
    }, 
    {
        "id": "Navigloo-36-40-0-0", 
        "price": 1076.88, 
        "url": "https://screen-house.com/buy/navigloo.json"
    }, 
    {
        "id": "Navigloo-36-40-0-1", 
        "price": 1230.87, 
        "url": "https://screen-house.com/buy/navigloo.json"
    }, 
    {
        "id": "Navigloo-36-40-1-0", 
        "price": 1130.5, 
        "url": "https://screen-house.com/buy/navigloo.json"
    }, 
    {
        "id": "Navigloo-36-40-1-1", 
        "price": 1284.49, 
        "url": "https://screen-house.com/buy/navigloo.json"
    }
]