[
    {
        "id": "NuShade-132x96-0-0-0-0", 
        "price": 2232.5, 
        "url": "https://screen-house.com/buy/nushade.json"
    }, 
    {
        "id": "NuShade-132x96-0-0-0-1", 
        "price": 2232.5, 
        "url": "https://screen-house.com/buy/nushade.json"
    }, 
    {
        "id": "NuShade-132x96-0-0-1-0", 
        "price": 2785.5, 
        "url": "https://screen-house.com/buy/nushade.json"
    }, 
    {
        "id": "NuShade-132x96-0-0-1-1", 
        "price": 2785.5, 
        "url": "https://screen-house.com/buy/nushade.json"
    }, 
    {
        "id": "NuShade-132x96-0-1-0-0", 
        "price": 2541.25, 
        "url": "https://screen-house.com/buy/nushade.json"
    }, 
    {
        "id": "NuShade-132x96-0-1-0-1", 
        "price": 2541.25, 
        "url": "https://screen-house.com/buy/nushade.json"
    }, 
    {
        "id": "NuShade-132x96-0-1-1-0", 
        "price": 3094.25, 
        "url": "https://screen-house.com/buy/nushade.json"
    }, 
    {
        "id": "NuShade-132x96-0-1-1-1", 
        "price": 3094.25, 
        "url": "https://screen-house.com/buy/nushade.json"
    }, 
    {
        "id": "NuShade-132x96-1-0-0-0", 
        "price": 2710.35, 
        "url": "https://screen-house.com/buy/nushade.json"
    }, 
    {
        "id": "NuShade-132x96-1-0-0-1", 
        "price": 2710.35, 
        "url": "https://screen-house.com/buy/nushade.json"
    }, 
    {
        "id": "NuShade-132x96-1-0-1-0", 
        "price": 3263.35, 
        "url": "https://screen-house.com/buy/nushade.json"
    }, 
    {
        "id": "NuShade-132x96-1-0-1-1", 
        "price": 3263.35, 
        "url": "https://screen-house.com/buy/nushade.json"
    }, 
    {
        "id": "NuShade-132x96-1-1-0-0", 
        "price": 3019.1, 
        "url": "https://screen-house.com/buy/nushade.json"
    }, 
    {
        "id": "NuShade-132x96-1-1-0-1", 
        "price": 3019.1, 
        "url": "https://screen-house.com/buy/nushade.json"
    }, 
    {
        "id": "NuShade-132x96-1-1-1-0", 
        "price": 3572.1, 
        "url": "https://screen-house.com/buy/nushade.json"
    }, 
    {
        "id": "NuShade-132x96-1-1-1-1", 
        "price": 3572.1, 
        "url": "https://screen-house.com/buy/nushade.json"
    }, 
    {
        "id": "NuShade-144x96-0-0-0-0", 
        "price": 2349.35, 
        "url": "https://screen-house.com/buy/nushade.json"
    }, 
    {
        "id": "NuShade-144x96-0-0-0-1", 
        "price": 2349.35, 
        "url": "https://screen-house.com/buy/nushade.json"
    }, 
    {
        "id": "NuShade-144x96-0-0-1-0", 
        "price": 2902.35, 
        "url": "https://screen-house.com/buy/nushade.json"
    }, 
    {
        "id": "NuShade-144x96-0-0-1-1", 
        "price": 2902.35, 
        "url": "https://screen-house.com/buy/nushade.json"
    }, 
    {
        "id": "NuShade-144x96-0-1-0-0", 
        "price": 2680.9, 
        "url": "https://screen-house.com/buy/nushade.json"
    }, 
    {
        "id": "NuShade-144x96-0-1-0-1", 
        "price": 2680.9, 
        "url": "https://screen-house.com/buy/nushade.json"
    }, 
    {
        "id": "NuShade-144x96-0-1-1-0", 
        "price": 3233.9, 
        "url": "https://screen-house.com/buy/nushade.json"
    }, 
    {
        "id": "NuShade-144x96-0-1-1-1", 
        "price": 3233.9, 
        "url": "https://screen-house.com/buy/nushade.json"
    }, 
    {
        "id": "NuShade-144x96-1-0-0-0", 
        "price": 2827.2, 
        "url": "https://screen-house.com/buy/nushade.json"
    }, 
    {
        "id": "NuShade-144x96-1-0-0-1", 
        "price": 2827.2, 
        "url": "https://screen-house.com/buy/nushade.json"
    }, 
    {
        "id": "NuShade-144x96-1-0-1-0", 
        "price": 3380.2, 
        "url": "https://screen-house.com/buy/nushade.json"
    }, 
    {
        "id": "NuShade-144x96-1-0-1-1", 
        "price": 3380.2, 
        "url": "https://screen-house.com/buy/nushade.json"
    }, 
    {
        "id": "NuShade-144x96-1-1-0-0", 
        "price": 3158.75, 
        "url": "https://screen-house.com/buy/nushade.json"
    }, 
    {
        "id": "NuShade-144x96-1-1-0-1", 
        "price": 3158.75, 
        "url": "https://screen-house.com/buy/nushade.json"
    }, 
    {
        "id": "NuShade-144x96-1-1-1-0", 
        "price": 3711.75, 
        "url": "https://screen-house.com/buy/nushade.json"
    }, 
    {
        "id": "NuShade-144x96-1-1-1-1", 
        "price": 3711.75, 
        "url": "https://screen-house.com/buy/nushade.json"
    }, 
    {
        "id": "NuShade-156x96-0-0-0-0", 
        "price": 2425.35, 
        "url": "https://screen-house.com/buy/nushade.json"
    }, 
    {
        "id": "NuShade-156x96-0-0-0-1", 
        "price": 2425.35, 
        "url": "https://screen-house.com/buy/nushade.json"
    }, 
    {
        "id": "NuShade-156x96-0-0-1-0", 
        "price": 2978.35, 
        "url": "https://screen-house.com/buy/nushade.json"
    }, 
    {
        "id": "NuShade-156x96-0-0-1-1", 
        "price": 2978.35, 
        "url": "https://screen-house.com/buy/nushade.json"
    }, 
    {
        "id": "NuShade-156x96-0-1-0-0", 
        "price": 2786.35, 
        "url": "https://screen-house.com/buy/nushade.json"
    }, 
    {
        "id": "NuShade-156x96-0-1-0-1", 
        "price": 2786.35, 
        "url": "https://screen-house.com/buy/nushade.json"
    }, 
    {
        "id": "NuShade-156x96-0-1-1-0", 
        "price": 3339.35, 
        "url": "https://screen-house.com/buy/nushade.json"
    }, 
    {
        "id": "NuShade-156x96-0-1-1-1", 
        "price": 3339.35, 
        "url": "https://screen-house.com/buy/nushade.json"
    }, 
    {
        "id": "NuShade-156x96-1-0-0-0", 
        "price": 2903.2, 
        "url": "https://screen-house.com/buy/nushade.json"
    }, 
    {
        "id": "NuShade-156x96-1-0-0-1", 
        "price": 2903.2, 
        "url": "https://screen-house.com/buy/nushade.json"
    }, 
    {
        "id": "NuShade-156x96-1-0-1-0", 
        "price": 3456.2, 
        "url": "https://screen-house.com/buy/nushade.json"
    }, 
    {
        "id": "NuShade-156x96-1-0-1-1", 
        "price": 3456.2, 
        "url": "https://screen-house.com/buy/nushade.json"
    }, 
    {
        "id": "NuShade-156x96-1-1-0-0", 
        "price": 3264.2, 
        "url": "https://screen-house.com/buy/nushade.json"
    }, 
    {
        "id": "NuShade-156x96-1-1-0-1", 
        "price": 3264.2, 
        "url": "https://screen-house.com/buy/nushade.json"
    }, 
    {
        "id": "NuShade-156x96-1-1-1-0", 
        "price": 3817.2, 
        "url": "https://screen-house.com/buy/nushade.json"
    }, 
    {
        "id": "NuShade-156x96-1-1-1-1", 
        "price": 3817.2, 
        "url": "https://screen-house.com/buy/nushade.json"
    }, 
    {
        "id": "NuShade-168x96-0-0-0-0", 
        "price": 2431.05, 
        "url": "https://screen-house.com/buy/nushade.json"
    }, 
    {
        "id": "NuShade-168x96-0-0-0-1", 
        "price": 2431.05, 
        "url": "https://screen-house.com/buy/nushade.json"
    }, 
    {
        "id": "NuShade-168x96-0-0-1-0", 
        "price": 2984.05, 
        "url": "https://screen-house.com/buy/nushade.json"
    }, 
    {
        "id": "NuShade-168x96-0-0-1-1", 
        "price": 2984.05, 
        "url": "https://screen-house.com/buy/nushade.json"
    }, 
    {
        "id": "NuShade-168x96-0-1-0-0", 
        "price": 2814.35, 
        "url": "https://screen-house.com/buy/nushade.json"
    }, 
    {
        "id": "NuShade-168x96-0-1-0-1", 
        "price": 2814.35, 
        "url": "https://screen-house.com/buy/nushade.json"
    }, 
    {
        "id": "NuShade-168x96-0-1-1-0", 
        "price": 3367.35, 
        "url": "https://screen-house.com/buy/nushade.json"
    }, 
    {
        "id": "NuShade-168x96-0-1-1-1", 
        "price": 3367.35, 
        "url": "https://screen-house.com/buy/nushade.json"
    }, 
    {
        "id": "NuShade-168x96-1-0-0-0", 
        "price": 2907.95, 
        "url": "https://screen-house.com/buy/nushade.json"
    }, 
    {
        "id": "NuShade-168x96-1-0-0-1", 
        "price": 2907.95, 
        "url": "https://screen-house.com/buy/nushade.json"
    }, 
    {
        "id": "NuShade-168x96-1-0-1-0", 
        "price": 3460.95, 
        "url": "https://screen-house.com/buy/nushade.json"
    }, 
    {
        "id": "NuShade-168x96-1-0-1-1", 
        "price": 3460.95, 
        "url": "https://screen-house.com/buy/nushade.json"
    }, 
    {
        "id": "NuShade-168x96-1-1-0-0", 
        "price": 3291.25, 
        "url": "https://screen-house.com/buy/nushade.json"
    }, 
    {
        "id": "NuShade-168x96-1-1-0-1", 
        "price": 3291.25, 
        "url": "https://screen-house.com/buy/nushade.json"
    }, 
    {
        "id": "NuShade-168x96-1-1-1-0", 
        "price": 3844.25, 
        "url": "https://screen-house.com/buy/nushade.json"
    }, 
    {
        "id": "NuShade-168x96-1-1-1-1", 
        "price": 3844.25, 
        "url": "https://screen-house.com/buy/nushade.json"
    }, 
    {
        "id": "NuShade-180x96-0-0-0-0", 
        "price": 2432.95, 
        "url": "https://screen-house.com/buy/nushade.json"
    }, 
    {
        "id": "NuShade-180x96-0-0-0-1", 
        "price": 2432.95, 
        "url": "https://screen-house.com/buy/nushade.json"
    }, 
    {
        "id": "NuShade-180x96-0-0-1-0", 
        "price": 3061.95, 
        "url": "https://screen-house.com/buy/nushade.json"
    }, 
    {
        "id": "NuShade-180x96-0-0-1-1", 
        "price": 3061.95, 
        "url": "https://screen-house.com/buy/nushade.json"
    }, 
    {
        "id": "NuShade-180x96-0-1-0-0", 
        "price": 2853.8, 
        "url": "https://screen-house.com/buy/nushade.json"
    }, 
    {
        "id": "NuShade-180x96-0-1-0-1", 
        "price": 2853.8, 
        "url": "https://screen-house.com/buy/nushade.json"
    }, 
    {
        "id": "NuShade-180x96-0-1-1-0", 
        "price": 3482.8, 
        "url": "https://screen-house.com/buy/nushade.json"
    }, 
    {
        "id": "NuShade-180x96-0-1-1-1", 
        "price": 3482.8, 
        "url": "https://screen-house.com/buy/nushade.json"
    }, 
    {
        "id": "NuShade-180x96-1-0-0-0", 
        "price": 2910.8, 
        "url": "https://screen-house.com/buy/nushade.json"
    }, 
    {
        "id": "NuShade-180x96-1-0-0-1", 
        "price": 2910.8, 
        "url": "https://screen-house.com/buy/nushade.json"
    }, 
    {
        "id": "NuShade-180x96-1-0-1-0", 
        "price": 3539.8, 
        "url": "https://screen-house.com/buy/nushade.json"
    }, 
    {
        "id": "NuShade-180x96-1-0-1-1", 
        "price": 3539.8, 
        "url": "https://screen-house.com/buy/nushade.json"
    }, 
    {
        "id": "NuShade-180x96-1-1-0-0", 
        "price": 3331.65, 
        "url": "https://screen-house.com/buy/nushade.json"
    }, 
    {
        "id": "NuShade-180x96-1-1-0-1", 
        "price": 3331.65, 
        "url": "https://screen-house.com/buy/nushade.json"
    }, 
    {
        "id": "NuShade-180x96-1-1-1-0", 
        "price": 3960.65, 
        "url": "https://screen-house.com/buy/nushade.json"
    }, 
    {
        "id": "NuShade-180x96-1-1-1-1", 
        "price": 3960.65, 
        "url": "https://screen-house.com/buy/nushade.json"
    }, 
    {
        "id": "NuShade-192x96-0-0-0-0", 
        "price": 2547.9, 
        "url": "https://screen-house.com/buy/nushade.json"
    }, 
    {
        "id": "NuShade-192x96-0-0-0-1", 
        "price": 2547.9, 
        "url": "https://screen-house.com/buy/nushade.json"
    }, 
    {
        "id": "NuShade-192x96-0-0-1-0", 
        "price": 3176.9, 
        "url": "https://screen-house.com/buy/nushade.json"
    }, 
    {
        "id": "NuShade-192x96-0-0-1-1", 
        "price": 3176.9, 
        "url": "https://screen-house.com/buy/nushade.json"
    }, 
    {
        "id": "NuShade-192x96-0-1-0-0", 
        "price": 2999.15, 
        "url": "https://screen-house.com/buy/nushade.json"
    }, 
    {
        "id": "NuShade-192x96-0-1-0-1", 
        "price": 2999.15, 
        "url": "https://screen-house.com/buy/nushade.json"
    }, 
    {
        "id": "NuShade-192x96-0-1-1-0", 
        "price": 3628.15, 
        "url": "https://screen-house.com/buy/nushade.json"
    }, 
    {
        "id": "NuShade-192x96-0-1-1-1", 
        "price": 3628.15, 
        "url": "https://screen-house.com/buy/nushade.json"
    }, 
    {
        "id": "NuShade-192x96-1-0-0-0", 
        "price": 3025.75, 
        "url": "https://screen-house.com/buy/nushade.json"
    }, 
    {
        "id": "NuShade-192x96-1-0-0-1", 
        "price": 3025.75, 
        "url": "https://screen-house.com/buy/nushade.json"
    }, 
    {
        "id": "NuShade-192x96-1-0-1-0", 
        "price": 3654.75, 
        "url": "https://screen-house.com/buy/nushade.json"
    }, 
    {
        "id": "NuShade-192x96-1-0-1-1", 
        "price": 3654.75, 
        "url": "https://screen-house.com/buy/nushade.json"
    }, 
    {
        "id": "NuShade-192x96-1-1-0-0", 
        "price": 3477.0, 
        "url": "https://screen-house.com/buy/nushade.json"
    }, 
    {
        "id": "NuShade-192x96-1-1-0-1", 
        "price": 3477.0, 
        "url": "https://screen-house.com/buy/nushade.json"
    }, 
    {
        "id": "NuShade-192x96-1-1-1-0", 
        "price": 4106.0, 
        "url": "https://screen-house.com/buy/nushade.json"
    }, 
    {
        "id": "NuShade-192x96-1-1-1-1", 
        "price": 4106.0, 
        "url": "https://screen-house.com/buy/nushade.json"
    }, 
    {
        "id": "NuShade-204x96-0-0-0-0", 
        "price": 2698.95, 
        "url": "https://screen-house.com/buy/nushade.json"
    }, 
    {
        "id": "NuShade-204x96-0-0-0-1", 
        "price": 2698.95, 
        "url": "https://screen-house.com/buy/nushade.json"
    }, 
    {
        "id": "NuShade-204x96-0-0-1-0", 
        "price": 3327.95, 
        "url": "https://screen-house.com/buy/nushade.json"
    }, 
    {
        "id": "NuShade-204x96-0-0-1-1", 
        "price": 3327.95, 
        "url": "https://screen-house.com/buy/nushade.json"
    }, 
    {
        "id": "NuShade-204x96-0-1-0-0", 
        "price": 3170.15, 
        "url": "https://screen-house.com/buy/nushade.json"
    }, 
    {
        "id": "NuShade-204x96-0-1-0-1", 
        "price": 3170.15, 
        "url": "https://screen-house.com/buy/nushade.json"
    }, 
    {
        "id": "NuShade-204x96-0-1-1-0", 
        "price": 3799.15, 
        "url": "https://screen-house.com/buy/nushade.json"
    }, 
    {
        "id": "NuShade-204x96-0-1-1-1", 
        "price": 3799.15, 
        "url": "https://screen-house.com/buy/nushade.json"
    }, 
    {
        "id": "NuShade-204x96-1-0-0-0", 
        "price": 3176.8, 
        "url": "https://screen-house.com/buy/nushade.json"
    }, 
    {
        "id": "NuShade-204x96-1-0-0-1", 
        "price": 3176.8, 
        "url": "https://screen-house.com/buy/nushade.json"
    }, 
    {
        "id": "NuShade-204x96-1-0-1-0", 
        "price": 3805.8, 
        "url": "https://screen-house.com/buy/nushade.json"
    }, 
    {
        "id": "NuShade-204x96-1-0-1-1", 
        "price": 3805.8, 
        "url": "https://screen-house.com/buy/nushade.json"
    }, 
    {
        "id": "NuShade-204x96-1-1-0-0", 
        "price": 3648.0, 
        "url": "https://screen-house.com/buy/nushade.json"
    }, 
    {
        "id": "NuShade-204x96-1-1-0-1", 
        "price": 3648.0, 
        "url": "https://screen-house.com/buy/nushade.json"
    }, 
    {
        "id": "NuShade-204x96-1-1-1-0", 
        "price": 4277.0, 
        "url": "https://screen-house.com/buy/nushade.json"
    }, 
    {
        "id": "NuShade-204x96-1-1-1-1", 
        "price": 4277.0, 
        "url": "https://screen-house.com/buy/nushade.json"
    }, 
    {
        "id": "NuShade-216x96-0-0-0-0", 
        "price": 2701.8, 
        "url": "https://screen-house.com/buy/nushade.json"
    }, 
    {
        "id": "NuShade-216x96-0-0-0-1", 
        "price": 2701.8, 
        "url": "https://screen-house.com/buy/nushade.json"
    }, 
    {
        "id": "NuShade-216x96-0-0-1-0", 
        "price": 3330.8, 
        "url": "https://screen-house.com/buy/nushade.json"
    }, 
    {
        "id": "NuShade-216x96-0-0-1-1", 
        "price": 3330.8, 
        "url": "https://screen-house.com/buy/nushade.json"
    }, 
    {
        "id": "NuShade-216x96-0-1-0-0", 
        "price": 3203.4, 
        "url": "https://screen-house.com/buy/nushade.json"
    }, 
    {
        "id": "NuShade-216x96-0-1-0-1", 
        "price": 3203.4, 
        "url": "https://screen-house.com/buy/nushade.json"
    }, 
    {
        "id": "NuShade-216x96-0-1-1-0", 
        "price": 3832.4, 
        "url": "https://screen-house.com/buy/nushade.json"
    }, 
    {
        "id": "NuShade-216x96-0-1-1-1", 
        "price": 3832.4, 
        "url": "https://screen-house.com/buy/nushade.json"
    }, 
    {
        "id": "NuShade-216x96-1-0-0-0", 
        "price": 3179.65, 
        "url": "https://screen-house.com/buy/nushade.json"
    }, 
    {
        "id": "NuShade-216x96-1-0-0-1", 
        "price": 3179.65, 
        "url": "https://screen-house.com/buy/nushade.json"
    }, 
    {
        "id": "NuShade-216x96-1-0-1-0", 
        "price": 3808.65, 
        "url": "https://screen-house.com/buy/nushade.json"
    }, 
    {
        "id": "NuShade-216x96-1-0-1-1", 
        "price": 3808.65, 
        "url": "https://screen-house.com/buy/nushade.json"
    }, 
    {
        "id": "NuShade-216x96-1-1-0-0", 
        "price": 3681.25, 
        "url": "https://screen-house.com/buy/nushade.json"
    }, 
    {
        "id": "NuShade-216x96-1-1-0-1", 
        "price": 3681.25, 
        "url": "https://screen-house.com/buy/nushade.json"
    }, 
    {
        "id": "NuShade-216x96-1-1-1-0", 
        "price": 4310.25, 
        "url": "https://screen-house.com/buy/nushade.json"
    }, 
    {
        "id": "NuShade-216x96-1-1-1-1", 
        "price": 4310.25, 
        "url": "https://screen-house.com/buy/nushade.json"
    }, 
    {
        "id": "NuShade-228x96-0-0-0-0", 
        "price": 2703.7, 
        "url": "https://screen-house.com/buy/nushade.json"
    }, 
    {
        "id": "NuShade-228x96-0-0-0-1", 
        "price": 2703.7, 
        "url": "https://screen-house.com/buy/nushade.json"
    }, 
    {
        "id": "NuShade-228x96-0-0-1-0", 
        "price": 3332.7, 
        "url": "https://screen-house.com/buy/nushade.json"
    }, 
    {
        "id": "NuShade-228x96-0-0-1-1", 
        "price": 3332.7, 
        "url": "https://screen-house.com/buy/nushade.json"
    }, 
    {
        "id": "NuShade-228x96-0-1-0-0", 
        "price": 3228.1, 
        "url": "https://screen-house.com/buy/nushade.json"
    }, 
    {
        "id": "NuShade-228x96-0-1-0-1", 
        "price": 3228.1, 
        "url": "https://screen-house.com/buy/nushade.json"
    }, 
    {
        "id": "NuShade-228x96-0-1-1-0", 
        "price": 3857.1, 
        "url": "https://screen-house.com/buy/nushade.json"
    }, 
    {
        "id": "NuShade-228x96-0-1-1-1", 
        "price": 3857.1, 
        "url": "https://screen-house.com/buy/nushade.json"
    }, 
    {
        "id": "NuShade-228x96-1-0-0-0", 
        "price": 3181.55, 
        "url": "https://screen-house.com/buy/nushade.json"
    }, 
    {
        "id": "NuShade-228x96-1-0-0-1", 
        "price": 3181.55, 
        "url": "https://screen-house.com/buy/nushade.json"
    }, 
    {
        "id": "NuShade-228x96-1-0-1-0", 
        "price": 3810.55, 
        "url": "https://screen-house.com/buy/nushade.json"
    }, 
    {
        "id": "NuShade-228x96-1-0-1-1", 
        "price": 3810.55, 
        "url": "https://screen-house.com/buy/nushade.json"
    }, 
    {
        "id": "NuShade-228x96-1-1-0-0", 
        "price": 3705.95, 
        "url": "https://screen-house.com/buy/nushade.json"
    }, 
    {
        "id": "NuShade-228x96-1-1-0-1", 
        "price": 3705.95, 
        "url": "https://screen-house.com/buy/nushade.json"
    }, 
    {
        "id": "NuShade-228x96-1-1-1-0", 
        "price": 4334.95, 
        "url": "https://screen-house.com/buy/nushade.json"
    }, 
    {
        "id": "NuShade-228x96-1-1-1-1", 
        "price": 4334.95, 
        "url": "https://screen-house.com/buy/nushade.json"
    }, 
    {
        "id": "NuShade-240x96-0-0-0-0", 
        "price": 2817.8, 
        "url": "https://screen-house.com/buy/nushade.json"
    }, 
    {
        "id": "NuShade-240x96-0-0-0-1", 
        "price": 2817.8, 
        "url": "https://screen-house.com/buy/nushade.json"
    }, 
    {
        "id": "NuShade-240x96-0-0-1-0", 
        "price": 3446.8, 
        "url": "https://screen-house.com/buy/nushade.json"
    }, 
    {
        "id": "NuShade-240x96-0-0-1-1", 
        "price": 3446.8, 
        "url": "https://screen-house.com/buy/nushade.json"
    }, 
    {
        "id": "NuShade-240x96-0-1-0-0", 
        "price": 3365.0, 
        "url": "https://screen-house.com/buy/nushade.json"
    }, 
    {
        "id": "NuShade-240x96-0-1-0-1", 
        "price": 3365.0, 
        "url": "https://screen-house.com/buy/nushade.json"
    }, 
    {
        "id": "NuShade-240x96-0-1-1-0", 
        "price": 3994.0, 
        "url": "https://screen-house.com/buy/nushade.json"
    }, 
    {
        "id": "NuShade-240x96-0-1-1-1", 
        "price": 3994.0, 
        "url": "https://screen-house.com/buy/nushade.json"
    }, 
    {
        "id": "NuShade-240x96-1-0-0-0", 
        "price": 3295.65, 
        "url": "https://screen-house.com/buy/nushade.json"
    }, 
    {
        "id": "NuShade-240x96-1-0-0-1", 
        "price": 3295.65, 
        "url": "https://screen-house.com/buy/nushade.json"
    }, 
    {
        "id": "NuShade-240x96-1-0-1-0", 
        "price": 3924.65, 
        "url": "https://screen-house.com/buy/nushade.json"
    }, 
    {
        "id": "NuShade-240x96-1-0-1-1", 
        "price": 3924.65, 
        "url": "https://screen-house.com/buy/nushade.json"
    }, 
    {
        "id": "NuShade-240x96-1-1-0-0", 
        "price": 3842.85, 
        "url": "https://screen-house.com/buy/nushade.json"
    }, 
    {
        "id": "NuShade-240x96-1-1-0-1", 
        "price": 3842.85, 
        "url": "https://screen-house.com/buy/nushade.json"
    }, 
    {
        "id": "NuShade-240x96-1-1-1-0", 
        "price": 4471.85, 
        "url": "https://screen-house.com/buy/nushade.json"
    }, 
    {
        "id": "NuShade-240x96-1-1-1-1", 
        "price": 4471.85, 
        "url": "https://screen-house.com/buy/nushade.json"
    }, 
    {
        "id": "NuShade-144x120-0-0-0-0", 
        "price": 2483.5, 
        "url": "https://screen-house.com/buy/nushade.json"
    }, 
    {
        "id": "NuShade-144x120-0-0-0-1", 
        "price": 2483.5, 
        "url": "https://screen-house.com/buy/nushade.json"
    }, 
    {
        "id": "NuShade-144x120-0-0-1-0", 
        "price": 3036.5, 
        "url": "https://screen-house.com/buy/nushade.json"
    }, 
    {
        "id": "NuShade-144x120-0-0-1-1", 
        "price": 3036.5, 
        "url": "https://screen-house.com/buy/nushade.json"
    }, 
    {
        "id": "NuShade-144x120-0-1-0-0", 
        "price": 2815.05, 
        "url": "https://screen-house.com/buy/nushade.json"
    }, 
    {
        "id": "NuShade-144x120-0-1-0-1", 
        "price": 2815.05, 
        "url": "https://screen-house.com/buy/nushade.json"
    }, 
    {
        "id": "NuShade-144x120-0-1-1-0", 
        "price": 3368.05, 
        "url": "https://screen-house.com/buy/nushade.json"
    }, 
    {
        "id": "NuShade-144x120-0-1-1-1", 
        "price": 3368.05, 
        "url": "https://screen-house.com/buy/nushade.json"
    }, 
    {
        "id": "NuShade-144x120-1-0-0-0", 
        "price": 2961.35, 
        "url": "https://screen-house.com/buy/nushade.json"
    }, 
    {
        "id": "NuShade-144x120-1-0-0-1", 
        "price": 2961.35, 
        "url": "https://screen-house.com/buy/nushade.json"
    }, 
    {
        "id": "NuShade-144x120-1-0-1-0", 
        "price": 3514.35, 
        "url": "https://screen-house.com/buy/nushade.json"
    }, 
    {
        "id": "NuShade-144x120-1-0-1-1", 
        "price": 3514.35, 
        "url": "https://screen-house.com/buy/nushade.json"
    }, 
    {
        "id": "NuShade-144x120-1-1-0-0", 
        "price": 3292.9, 
        "url": "https://screen-house.com/buy/nushade.json"
    }, 
    {
        "id": "NuShade-144x120-1-1-0-1", 
        "price": 3292.9, 
        "url": "https://screen-house.com/buy/nushade.json"
    }, 
    {
        "id": "NuShade-144x120-1-1-1-0", 
        "price": 3845.9, 
        "url": "https://screen-house.com/buy/nushade.json"
    }, 
    {
        "id": "NuShade-144x120-1-1-1-1", 
        "price": 3845.9, 
        "url": "https://screen-house.com/buy/nushade.json"
    }, 
    {
        "id": "NuShade-156x120-0-0-0-0", 
        "price": 2559.3, 
        "url": "https://screen-house.com/buy/nushade.json"
    }, 
    {
        "id": "NuShade-156x120-0-0-0-1", 
        "price": 2559.3, 
        "url": "https://screen-house.com/buy/nushade.json"
    }, 
    {
        "id": "NuShade-156x120-0-0-1-0", 
        "price": 3112.3, 
        "url": "https://screen-house.com/buy/nushade.json"
    }, 
    {
        "id": "NuShade-156x120-0-0-1-1", 
        "price": 3112.3, 
        "url": "https://screen-house.com/buy/nushade.json"
    }, 
    {
        "id": "NuShade-156x120-0-1-0-0", 
        "price": 2920.3, 
        "url": "https://screen-house.com/buy/nushade.json"
    }, 
    {
        "id": "NuShade-156x120-0-1-0-1", 
        "price": 2920.3, 
        "url": "https://screen-house.com/buy/nushade.json"
    }, 
    {
        "id": "NuShade-156x120-0-1-1-0", 
        "price": 3473.3, 
        "url": "https://screen-house.com/buy/nushade.json"
    }, 
    {
        "id": "NuShade-156x120-0-1-1-1", 
        "price": 3473.3, 
        "url": "https://screen-house.com/buy/nushade.json"
    }, 
    {
        "id": "NuShade-156x120-1-0-0-0", 
        "price": 3037.15, 
        "url": "https://screen-house.com/buy/nushade.json"
    }, 
    {
        "id": "NuShade-156x120-1-0-0-1", 
        "price": 3037.15, 
        "url": "https://screen-house.com/buy/nushade.json"
    }, 
    {
        "id": "NuShade-156x120-1-0-1-0", 
        "price": 3590.15, 
        "url": "https://screen-house.com/buy/nushade.json"
    }, 
    {
        "id": "NuShade-156x120-1-0-1-1", 
        "price": 3590.15, 
        "url": "https://screen-house.com/buy/nushade.json"
    }, 
    {
        "id": "NuShade-156x120-1-1-0-0", 
        "price": 3398.15, 
        "url": "https://screen-house.com/buy/nushade.json"
    }, 
    {
        "id": "NuShade-156x120-1-1-0-1", 
        "price": 3398.15, 
        "url": "https://screen-house.com/buy/nushade.json"
    }, 
    {
        "id": "NuShade-156x120-1-1-1-0", 
        "price": 3951.15, 
        "url": "https://screen-house.com/buy/nushade.json"
    }, 
    {
        "id": "NuShade-156x120-1-1-1-1", 
        "price": 3951.15, 
        "url": "https://screen-house.com/buy/nushade.json"
    }, 
    {
        "id": "NuShade-168x120-0-0-0-0", 
        "price": 2565.0, 
        "url": "https://screen-house.com/buy/nushade.json"
    }, 
    {
        "id": "NuShade-168x120-0-0-0-1", 
        "price": 2565.0, 
        "url": "https://screen-house.com/buy/nushade.json"
    }, 
    {
        "id": "NuShade-168x120-0-0-1-0", 
        "price": 3118.0, 
        "url": "https://screen-house.com/buy/nushade.json"
    }, 
    {
        "id": "NuShade-168x120-0-0-1-1", 
        "price": 3118.0, 
        "url": "https://screen-house.com/buy/nushade.json"
    }, 
    {
        "id": "NuShade-168x120-0-1-0-0", 
        "price": 2948.3, 
        "url": "https://screen-house.com/buy/nushade.json"
    }, 
    {
        "id": "NuShade-168x120-0-1-0-1", 
        "price": 2948.3, 
        "url": "https://screen-house.com/buy/nushade.json"
    }, 
    {
        "id": "NuShade-168x120-0-1-1-0", 
        "price": 3501.3, 
        "url": "https://screen-house.com/buy/nushade.json"
    }, 
    {
        "id": "NuShade-168x120-0-1-1-1", 
        "price": 3501.3, 
        "url": "https://screen-house.com/buy/nushade.json"
    }, 
    {
        "id": "NuShade-168x120-1-0-0-0", 
        "price": 3042.85, 
        "url": "https://screen-house.com/buy/nushade.json"
    }, 
    {
        "id": "NuShade-168x120-1-0-0-1", 
        "price": 3042.85, 
        "url": "https://screen-house.com/buy/nushade.json"
    }, 
    {
        "id": "NuShade-168x120-1-0-1-0", 
        "price": 3595.85, 
        "url": "https://screen-house.com/buy/nushade.json"
    }, 
    {
        "id": "NuShade-168x120-1-0-1-1", 
        "price": 3595.85, 
        "url": "https://screen-house.com/buy/nushade.json"
    }, 
    {
        "id": "NuShade-168x120-1-1-0-0", 
        "price": 3426.15, 
        "url": "https://screen-house.com/buy/nushade.json"
    }, 
    {
        "id": "NuShade-168x120-1-1-0-1", 
        "price": 3426.15, 
        "url": "https://screen-house.com/buy/nushade.json"
    }, 
    {
        "id": "NuShade-168x120-1-1-1-0", 
        "price": 3979.15, 
        "url": "https://screen-house.com/buy/nushade.json"
    }, 
    {
        "id": "NuShade-168x120-1-1-1-1", 
        "price": 3979.15, 
        "url": "https://screen-house.com/buy/nushade.json"
    }, 
    {
        "id": "NuShade-180x120-0-0-0-0", 
        "price": 2567.85, 
        "url": "https://screen-house.com/buy/nushade.json"
    }, 
    {
        "id": "NuShade-180x120-0-0-0-1", 
        "price": 2567.85, 
        "url": "https://screen-house.com/buy/nushade.json"
    }, 
    {
        "id": "NuShade-180x120-0-0-1-0", 
        "price": 3196.85, 
        "url": "https://screen-house.com/buy/nushade.json"
    }, 
    {
        "id": "NuShade-180x120-0-0-1-1", 
        "price": 3196.85, 
        "url": "https://screen-house.com/buy/nushade.json"
    }, 
    {
        "id": "NuShade-180x120-0-1-0-0", 
        "price": 2988.7, 
        "url": "https://screen-house.com/buy/nushade.json"
    }, 
    {
        "id": "NuShade-180x120-0-1-0-1", 
        "price": 2988.7, 
        "url": "https://screen-house.com/buy/nushade.json"
    }, 
    {
        "id": "NuShade-180x120-0-1-1-0", 
        "price": 3617.7, 
        "url": "https://screen-house.com/buy/nushade.json"
    }, 
    {
        "id": "NuShade-180x120-0-1-1-1", 
        "price": 3617.7, 
        "url": "https://screen-house.com/buy/nushade.json"
    }, 
    {
        "id": "NuShade-180x120-1-0-0-0", 
        "price": 3045.7, 
        "url": "https://screen-house.com/buy/nushade.json"
    }, 
    {
        "id": "NuShade-180x120-1-0-0-1", 
        "price": 3045.7, 
        "url": "https://screen-house.com/buy/nushade.json"
    }, 
    {
        "id": "NuShade-180x120-1-0-1-0", 
        "price": 3674.7, 
        "url": "https://screen-house.com/buy/nushade.json"
    }, 
    {
        "id": "NuShade-180x120-1-0-1-1", 
        "price": 3674.7, 
        "url": "https://screen-house.com/buy/nushade.json"
    }, 
    {
        "id": "NuShade-180x120-1-1-0-0", 
        "price": 3466.55, 
        "url": "https://screen-house.com/buy/nushade.json"
    }, 
    {
        "id": "NuShade-180x120-1-1-0-1", 
        "price": 3466.55, 
        "url": "https://screen-house.com/buy/nushade.json"
    }, 
    {
        "id": "NuShade-180x120-1-1-1-0", 
        "price": 4095.55, 
        "url": "https://screen-house.com/buy/nushade.json"
    }, 
    {
        "id": "NuShade-180x120-1-1-1-1", 
        "price": 4095.55, 
        "url": "https://screen-house.com/buy/nushade.json"
    }, 
    {
        "id": "NuShade-192x120-0-0-0-0", 
        "price": 2682.8, 
        "url": "https://screen-house.com/buy/nushade.json"
    }, 
    {
        "id": "NuShade-192x120-0-0-0-1", 
        "price": 2682.8, 
        "url": "https://screen-house.com/buy/nushade.json"
    }, 
    {
        "id": "NuShade-192x120-0-0-1-0", 
        "price": 3311.8, 
        "url": "https://screen-house.com/buy/nushade.json"
    }, 
    {
        "id": "NuShade-192x120-0-0-1-1", 
        "price": 3311.8, 
        "url": "https://screen-house.com/buy/nushade.json"
    }, 
    {
        "id": "NuShade-192x120-0-1-0-0", 
        "price": 3134.05, 
        "url": "https://screen-house.com/buy/nushade.json"
    }, 
    {
        "id": "NuShade-192x120-0-1-0-1", 
        "price": 3134.05, 
        "url": "https://screen-house.com/buy/nushade.json"
    }, 
    {
        "id": "NuShade-192x120-0-1-1-0", 
        "price": 3763.05, 
        "url": "https://screen-house.com/buy/nushade.json"
    }, 
    {
        "id": "NuShade-192x120-0-1-1-1", 
        "price": 3763.05, 
        "url": "https://screen-house.com/buy/nushade.json"
    }, 
    {
        "id": "NuShade-192x120-1-0-0-0", 
        "price": 3160.65, 
        "url": "https://screen-house.com/buy/nushade.json"
    }, 
    {
        "id": "NuShade-192x120-1-0-0-1", 
        "price": 3160.65, 
        "url": "https://screen-house.com/buy/nushade.json"
    }, 
    {
        "id": "NuShade-192x120-1-0-1-0", 
        "price": 3789.65, 
        "url": "https://screen-house.com/buy/nushade.json"
    }, 
    {
        "id": "NuShade-192x120-1-0-1-1", 
        "price": 3789.65, 
        "url": "https://screen-house.com/buy/nushade.json"
    }, 
    {
        "id": "NuShade-192x120-1-1-0-0", 
        "price": 3611.9, 
        "url": "https://screen-house.com/buy/nushade.json"
    }, 
    {
        "id": "NuShade-192x120-1-1-0-1", 
        "price": 3611.9, 
        "url": "https://screen-house.com/buy/nushade.json"
    }, 
    {
        "id": "NuShade-192x120-1-1-1-0", 
        "price": 4240.9, 
        "url": "https://screen-house.com/buy/nushade.json"
    }, 
    {
        "id": "NuShade-192x120-1-1-1-1", 
        "price": 4240.9, 
        "url": "https://screen-house.com/buy/nushade.json"
    }, 
    {
        "id": "NuShade-204x120-0-0-0-0", 
        "price": 2832.9, 
        "url": "https://screen-house.com/buy/nushade.json"
    }, 
    {
        "id": "NuShade-204x120-0-0-0-1", 
        "price": 2832.9, 
        "url": "https://screen-house.com/buy/nushade.json"
    }, 
    {
        "id": "NuShade-204x120-0-0-1-0", 
        "price": 3461.9, 
        "url": "https://screen-house.com/buy/nushade.json"
    }, 
    {
        "id": "NuShade-204x120-0-0-1-1", 
        "price": 3461.9, 
        "url": "https://screen-house.com/buy/nushade.json"
    }, 
    {
        "id": "NuShade-204x120-0-1-0-0", 
        "price": 3304.1, 
        "url": "https://screen-house.com/buy/nushade.json"
    }, 
    {
        "id": "NuShade-204x120-0-1-0-1", 
        "price": 3304.1, 
        "url": "https://screen-house.com/buy/nushade.json"
    }, 
    {
        "id": "NuShade-204x120-0-1-1-0", 
        "price": 3933.1, 
        "url": "https://screen-house.com/buy/nushade.json"
    }, 
    {
        "id": "NuShade-204x120-0-1-1-1", 
        "price": 3933.1, 
        "url": "https://screen-house.com/buy/nushade.json"
    }, 
    {
        "id": "NuShade-204x120-1-0-0-0", 
        "price": 3310.75, 
        "url": "https://screen-house.com/buy/nushade.json"
    }, 
    {
        "id": "NuShade-204x120-1-0-0-1", 
        "price": 3310.75, 
        "url": "https://screen-house.com/buy/nushade.json"
    }, 
    {
        "id": "NuShade-204x120-1-0-1-0", 
        "price": 3939.75, 
        "url": "https://screen-house.com/buy/nushade.json"
    }, 
    {
        "id": "NuShade-204x120-1-0-1-1", 
        "price": 3939.75, 
        "url": "https://screen-house.com/buy/nushade.json"
    }, 
    {
        "id": "NuShade-204x120-1-1-0-0", 
        "price": 3781.95, 
        "url": "https://screen-house.com/buy/nushade.json"
    }, 
    {
        "id": "NuShade-204x120-1-1-0-1", 
        "price": 3781.95, 
        "url": "https://screen-house.com/buy/nushade.json"
    }, 
    {
        "id": "NuShade-204x120-1-1-1-0", 
        "price": 4410.95, 
        "url": "https://screen-house.com/buy/nushade.json"
    }, 
    {
        "id": "NuShade-204x120-1-1-1-1", 
        "price": 4410.95, 
        "url": "https://screen-house.com/buy/nushade.json"
    }, 
    {
        "id": "NuShade-216x120-0-0-0-0", 
        "price": 2835.75, 
        "url": "https://screen-house.com/buy/nushade.json"
    }, 
    {
        "id": "NuShade-216x120-0-0-0-1", 
        "price": 2835.75, 
        "url": "https://screen-house.com/buy/nushade.json"
    }, 
    {
        "id": "NuShade-216x120-0-0-1-0", 
        "price": 3464.75, 
        "url": "https://screen-house.com/buy/nushade.json"
    }, 
    {
        "id": "NuShade-216x120-0-0-1-1", 
        "price": 3464.75, 
        "url": "https://screen-house.com/buy/nushade.json"
    }, 
    {
        "id": "NuShade-216x120-0-1-0-0", 
        "price": 3337.35, 
        "url": "https://screen-house.com/buy/nushade.json"
    }, 
    {
        "id": "NuShade-216x120-0-1-0-1", 
        "price": 3337.35, 
        "url": "https://screen-house.com/buy/nushade.json"
    }, 
    {
        "id": "NuShade-216x120-0-1-1-0", 
        "price": 3966.35, 
        "url": "https://screen-house.com/buy/nushade.json"
    }, 
    {
        "id": "NuShade-216x120-0-1-1-1", 
        "price": 3966.35, 
        "url": "https://screen-house.com/buy/nushade.json"
    }, 
    {
        "id": "NuShade-216x120-1-0-0-0", 
        "price": 3313.6, 
        "url": "https://screen-house.com/buy/nushade.json"
    }, 
    {
        "id": "NuShade-216x120-1-0-0-1", 
        "price": 3313.6, 
        "url": "https://screen-house.com/buy/nushade.json"
    }, 
    {
        "id": "NuShade-216x120-1-0-1-0", 
        "price": 3942.6, 
        "url": "https://screen-house.com/buy/nushade.json"
    }, 
    {
        "id": "NuShade-216x120-1-0-1-1", 
        "price": 3942.6, 
        "url": "https://screen-house.com/buy/nushade.json"
    }, 
    {
        "id": "NuShade-216x120-1-1-0-0", 
        "price": 3815.2, 
        "url": "https://screen-house.com/buy/nushade.json"
    }, 
    {
        "id": "NuShade-216x120-1-1-0-1", 
        "price": 3815.2, 
        "url": "https://screen-house.com/buy/nushade.json"
    }, 
    {
        "id": "NuShade-216x120-1-1-1-0", 
        "price": 4444.2, 
        "url": "https://screen-house.com/buy/nushade.json"
    }, 
    {
        "id": "NuShade-216x120-1-1-1-1", 
        "price": 4444.2, 
        "url": "https://screen-house.com/buy/nushade.json"
    }, 
    {
        "id": "NuShade-228x120-0-0-0-0", 
        "price": 2838.6, 
        "url": "https://screen-house.com/buy/nushade.json"
    }, 
    {
        "id": "NuShade-228x120-0-0-0-1", 
        "price": 2838.6, 
        "url": "https://screen-house.com/buy/nushade.json"
    }, 
    {
        "id": "NuShade-228x120-0-0-1-0", 
        "price": 3467.6, 
        "url": "https://screen-house.com/buy/nushade.json"
    }, 
    {
        "id": "NuShade-228x120-0-0-1-1", 
        "price": 3467.6, 
        "url": "https://screen-house.com/buy/nushade.json"
    }, 
    {
        "id": "NuShade-228x120-0-1-0-0", 
        "price": 3363.0, 
        "url": "https://screen-house.com/buy/nushade.json"
    }, 
    {
        "id": "NuShade-228x120-0-1-0-1", 
        "price": 3363.0, 
        "url": "https://screen-house.com/buy/nushade.json"
    }, 
    {
        "id": "NuShade-228x120-0-1-1-0", 
        "price": 3992.0, 
        "url": "https://screen-house.com/buy/nushade.json"
    }, 
    {
        "id": "NuShade-228x120-0-1-1-1", 
        "price": 3992.0, 
        "url": "https://screen-house.com/buy/nushade.json"
    }, 
    {
        "id": "NuShade-228x120-1-0-0-0", 
        "price": 3316.45, 
        "url": "https://screen-house.com/buy/nushade.json"
    }, 
    {
        "id": "NuShade-228x120-1-0-0-1", 
        "price": 3316.45, 
        "url": "https://screen-house.com/buy/nushade.json"
    }, 
    {
        "id": "NuShade-228x120-1-0-1-0", 
        "price": 3945.45, 
        "url": "https://screen-house.com/buy/nushade.json"
    }, 
    {
        "id": "NuShade-228x120-1-0-1-1", 
        "price": 3945.45, 
        "url": "https://screen-house.com/buy/nushade.json"
    }, 
    {
        "id": "NuShade-228x120-1-1-0-0", 
        "price": 3840.85, 
        "url": "https://screen-house.com/buy/nushade.json"
    }, 
    {
        "id": "NuShade-228x120-1-1-0-1", 
        "price": 3840.85, 
        "url": "https://screen-house.com/buy/nushade.json"
    }, 
    {
        "id": "NuShade-228x120-1-1-1-0", 
        "price": 4469.85, 
        "url": "https://screen-house.com/buy/nushade.json"
    }, 
    {
        "id": "NuShade-228x120-1-1-1-1", 
        "price": 4469.85, 
        "url": "https://screen-house.com/buy/nushade.json"
    }, 
    {
        "id": "NuShade-240x120-0-0-0-0", 
        "price": 2951.65, 
        "url": "https://screen-house.com/buy/nushade.json"
    }, 
    {
        "id": "NuShade-240x120-0-0-0-1", 
        "price": 2951.65, 
        "url": "https://screen-house.com/buy/nushade.json"
    }, 
    {
        "id": "NuShade-240x120-0-0-1-0", 
        "price": 3580.65, 
        "url": "https://screen-house.com/buy/nushade.json"
    }, 
    {
        "id": "NuShade-240x120-0-0-1-1", 
        "price": 3580.65, 
        "url": "https://screen-house.com/buy/nushade.json"
    }, 
    {
        "id": "NuShade-240x120-0-1-0-0", 
        "price": 3498.85, 
        "url": "https://screen-house.com/buy/nushade.json"
    }, 
    {
        "id": "NuShade-240x120-0-1-0-1", 
        "price": 3498.85, 
        "url": "https://screen-house.com/buy/nushade.json"
    }, 
    {
        "id": "NuShade-240x120-0-1-1-0", 
        "price": 4127.85, 
        "url": "https://screen-house.com/buy/nushade.json"
    }, 
    {
        "id": "NuShade-240x120-0-1-1-1", 
        "price": 4127.85, 
        "url": "https://screen-house.com/buy/nushade.json"
    }, 
    {
        "id": "NuShade-240x120-1-0-0-0", 
        "price": 3429.5, 
        "url": "https://screen-house.com/buy/nushade.json"
    }, 
    {
        "id": "NuShade-240x120-1-0-0-1", 
        "price": 3429.5, 
        "url": "https://screen-house.com/buy/nushade.json"
    }, 
    {
        "id": "NuShade-240x120-1-0-1-0", 
        "price": 4058.5, 
        "url": "https://screen-house.com/buy/nushade.json"
    }, 
    {
        "id": "NuShade-240x120-1-0-1-1", 
        "price": 4058.5, 
        "url": "https://screen-house.com/buy/nushade.json"
    }, 
    {
        "id": "NuShade-240x120-1-1-0-0", 
        "price": 3976.7, 
        "url": "https://screen-house.com/buy/nushade.json"
    }, 
    {
        "id": "NuShade-240x120-1-1-0-1", 
        "price": 3976.7, 
        "url": "https://screen-house.com/buy/nushade.json"
    }, 
    {
        "id": "NuShade-240x120-1-1-1-0", 
        "price": 4605.7, 
        "url": "https://screen-house.com/buy/nushade.json"
    }, 
    {
        "id": "NuShade-240x120-1-1-1-1", 
        "price": 4605.7, 
        "url": "https://screen-house.com/buy/nushade.json"
    }, 
    {
        "id": "NuShade-168x144-0-0-0-0", 
        "price": 2843.35, 
        "url": "https://screen-house.com/buy/nushade.json"
    }, 
    {
        "id": "NuShade-168x144-0-0-0-1", 
        "price": 2843.35, 
        "url": "https://screen-house.com/buy/nushade.json"
    }, 
    {
        "id": "NuShade-168x144-0-0-1-0", 
        "price": 3396.35, 
        "url": "https://screen-house.com/buy/nushade.json"
    }, 
    {
        "id": "NuShade-168x144-0-0-1-1", 
        "price": 3396.35, 
        "url": "https://screen-house.com/buy/nushade.json"
    }, 
    {
        "id": "NuShade-168x144-0-1-0-0", 
        "price": 3226.65, 
        "url": "https://screen-house.com/buy/nushade.json"
    }, 
    {
        "id": "NuShade-168x144-0-1-0-1", 
        "price": 3226.65, 
        "url": "https://screen-house.com/buy/nushade.json"
    }, 
    {
        "id": "NuShade-168x144-0-1-1-0", 
        "price": 3779.65, 
        "url": "https://screen-house.com/buy/nushade.json"
    }, 
    {
        "id": "NuShade-168x144-0-1-1-1", 
        "price": 3779.65, 
        "url": "https://screen-house.com/buy/nushade.json"
    }, 
    {
        "id": "NuShade-168x144-1-0-0-0", 
        "price": 3371.55, 
        "url": "https://screen-house.com/buy/nushade.json"
    }, 
    {
        "id": "NuShade-168x144-1-0-0-1", 
        "price": 3371.55, 
        "url": "https://screen-house.com/buy/nushade.json"
    }, 
    {
        "id": "NuShade-168x144-1-0-1-0", 
        "price": 3924.55, 
        "url": "https://screen-house.com/buy/nushade.json"
    }, 
    {
        "id": "NuShade-168x144-1-0-1-1", 
        "price": 3924.55, 
        "url": "https://screen-house.com/buy/nushade.json"
    }, 
    {
        "id": "NuShade-168x144-1-1-0-0", 
        "price": 3754.85, 
        "url": "https://screen-house.com/buy/nushade.json"
    }, 
    {
        "id": "NuShade-168x144-1-1-0-1", 
        "price": 3754.85, 
        "url": "https://screen-house.com/buy/nushade.json"
    }, 
    {
        "id": "NuShade-168x144-1-1-1-0", 
        "price": 4307.85, 
        "url": "https://screen-house.com/buy/nushade.json"
    }, 
    {
        "id": "NuShade-168x144-1-1-1-1", 
        "price": 4307.85, 
        "url": "https://screen-house.com/buy/nushade.json"
    }, 
    {
        "id": "NuShade-180x144-0-0-0-0", 
        "price": 2846.2, 
        "url": "https://screen-house.com/buy/nushade.json"
    }, 
    {
        "id": "NuShade-180x144-0-0-0-1", 
        "price": 2846.2, 
        "url": "https://screen-house.com/buy/nushade.json"
    }, 
    {
        "id": "NuShade-180x144-0-0-1-0", 
        "price": 3475.2, 
        "url": "https://screen-house.com/buy/nushade.json"
    }, 
    {
        "id": "NuShade-180x144-0-0-1-1", 
        "price": 3475.2, 
        "url": "https://screen-house.com/buy/nushade.json"
    }, 
    {
        "id": "NuShade-180x144-0-1-0-0", 
        "price": 3267.05, 
        "url": "https://screen-house.com/buy/nushade.json"
    }, 
    {
        "id": "NuShade-180x144-0-1-0-1", 
        "price": 3267.05, 
        "url": "https://screen-house.com/buy/nushade.json"
    }, 
    {
        "id": "NuShade-180x144-0-1-1-0", 
        "price": 3896.05, 
        "url": "https://screen-house.com/buy/nushade.json"
    }, 
    {
        "id": "NuShade-180x144-0-1-1-1", 
        "price": 3896.05, 
        "url": "https://screen-house.com/buy/nushade.json"
    }, 
    {
        "id": "NuShade-180x144-1-0-0-0", 
        "price": 3373.45, 
        "url": "https://screen-house.com/buy/nushade.json"
    }, 
    {
        "id": "NuShade-180x144-1-0-0-1", 
        "price": 3373.45, 
        "url": "https://screen-house.com/buy/nushade.json"
    }, 
    {
        "id": "NuShade-180x144-1-0-1-0", 
        "price": 4002.45, 
        "url": "https://screen-house.com/buy/nushade.json"
    }, 
    {
        "id": "NuShade-180x144-1-0-1-1", 
        "price": 4002.45, 
        "url": "https://screen-house.com/buy/nushade.json"
    }, 
    {
        "id": "NuShade-180x144-1-1-0-0", 
        "price": 3794.3, 
        "url": "https://screen-house.com/buy/nushade.json"
    }, 
    {
        "id": "NuShade-180x144-1-1-0-1", 
        "price": 3794.3, 
        "url": "https://screen-house.com/buy/nushade.json"
    }, 
    {
        "id": "NuShade-180x144-1-1-1-0", 
        "price": 4423.3, 
        "url": "https://screen-house.com/buy/nushade.json"
    }, 
    {
        "id": "NuShade-180x144-1-1-1-1", 
        "price": 4423.3, 
        "url": "https://screen-house.com/buy/nushade.json"
    }, 
    {
        "id": "NuShade-192x144-0-0-0-0", 
        "price": 2959.25, 
        "url": "https://screen-house.com/buy/nushade.json"
    }, 
    {
        "id": "NuShade-192x144-0-0-0-1", 
        "price": 2959.25, 
        "url": "https://screen-house.com/buy/nushade.json"
    }, 
    {
        "id": "NuShade-192x144-0-0-1-0", 
        "price": 3588.25, 
        "url": "https://screen-house.com/buy/nushade.json"
    }, 
    {
        "id": "NuShade-192x144-0-0-1-1", 
        "price": 3588.25, 
        "url": "https://screen-house.com/buy/nushade.json"
    }, 
    {
        "id": "NuShade-192x144-0-1-0-0", 
        "price": 3410.5, 
        "url": "https://screen-house.com/buy/nushade.json"
    }, 
    {
        "id": "NuShade-192x144-0-1-0-1", 
        "price": 3410.5, 
        "url": "https://screen-house.com/buy/nushade.json"
    }, 
    {
        "id": "NuShade-192x144-0-1-1-0", 
        "price": 4039.5, 
        "url": "https://screen-house.com/buy/nushade.json"
    }, 
    {
        "id": "NuShade-192x144-0-1-1-1", 
        "price": 4039.5, 
        "url": "https://screen-house.com/buy/nushade.json"
    }, 
    {
        "id": "NuShade-192x144-1-0-0-0", 
        "price": 3487.45, 
        "url": "https://screen-house.com/buy/nushade.json"
    }, 
    {
        "id": "NuShade-192x144-1-0-0-1", 
        "price": 3487.45, 
        "url": "https://screen-house.com/buy/nushade.json"
    }, 
    {
        "id": "NuShade-192x144-1-0-1-0", 
        "price": 4116.45, 
        "url": "https://screen-house.com/buy/nushade.json"
    }, 
    {
        "id": "NuShade-192x144-1-0-1-1", 
        "price": 4116.45, 
        "url": "https://screen-house.com/buy/nushade.json"
    }, 
    {
        "id": "NuShade-192x144-1-1-0-0", 
        "price": 3938.7, 
        "url": "https://screen-house.com/buy/nushade.json"
    }, 
    {
        "id": "NuShade-192x144-1-1-0-1", 
        "price": 3938.7, 
        "url": "https://screen-house.com/buy/nushade.json"
    }, 
    {
        "id": "NuShade-192x144-1-1-1-0", 
        "price": 4567.7, 
        "url": "https://screen-house.com/buy/nushade.json"
    }, 
    {
        "id": "NuShade-192x144-1-1-1-1", 
        "price": 4567.7, 
        "url": "https://screen-house.com/buy/nushade.json"
    }, 
    {
        "id": "NuShade-204x144-0-0-0-0", 
        "price": 3111.25, 
        "url": "https://screen-house.com/buy/nushade.json"
    }, 
    {
        "id": "NuShade-204x144-0-0-0-1", 
        "price": 3111.25, 
        "url": "https://screen-house.com/buy/nushade.json"
    }, 
    {
        "id": "NuShade-204x144-0-0-1-0", 
        "price": 3740.25, 
        "url": "https://screen-house.com/buy/nushade.json"
    }, 
    {
        "id": "NuShade-204x144-0-0-1-1", 
        "price": 3740.25, 
        "url": "https://screen-house.com/buy/nushade.json"
    }, 
    {
        "id": "NuShade-204x144-0-1-0-0", 
        "price": 3582.45, 
        "url": "https://screen-house.com/buy/nushade.json"
    }, 
    {
        "id": "NuShade-204x144-0-1-0-1", 
        "price": 3582.45, 
        "url": "https://screen-house.com/buy/nushade.json"
    }, 
    {
        "id": "NuShade-204x144-0-1-1-0", 
        "price": 4211.45, 
        "url": "https://screen-house.com/buy/nushade.json"
    }, 
    {
        "id": "NuShade-204x144-0-1-1-1", 
        "price": 4211.45, 
        "url": "https://screen-house.com/buy/nushade.json"
    }, 
    {
        "id": "NuShade-204x144-1-0-0-0", 
        "price": 3639.45, 
        "url": "https://screen-house.com/buy/nushade.json"
    }, 
    {
        "id": "NuShade-204x144-1-0-0-1", 
        "price": 3639.45, 
        "url": "https://screen-house.com/buy/nushade.json"
    }, 
    {
        "id": "NuShade-204x144-1-0-1-0", 
        "price": 4268.45, 
        "url": "https://screen-house.com/buy/nushade.json"
    }, 
    {
        "id": "NuShade-204x144-1-0-1-1", 
        "price": 4268.45, 
        "url": "https://screen-house.com/buy/nushade.json"
    }, 
    {
        "id": "NuShade-204x144-1-1-0-0", 
        "price": 4110.65, 
        "url": "https://screen-house.com/buy/nushade.json"
    }, 
    {
        "id": "NuShade-204x144-1-1-0-1", 
        "price": 4110.65, 
        "url": "https://screen-house.com/buy/nushade.json"
    }, 
    {
        "id": "NuShade-204x144-1-1-1-0", 
        "price": 4739.65, 
        "url": "https://screen-house.com/buy/nushade.json"
    }, 
    {
        "id": "NuShade-204x144-1-1-1-1", 
        "price": 4739.65, 
        "url": "https://screen-house.com/buy/nushade.json"
    }, 
    {
        "id": "NuShade-216x144-0-0-0-0", 
        "price": 3114.1, 
        "url": "https://screen-house.com/buy/nushade.json"
    }, 
    {
        "id": "NuShade-216x144-0-0-0-1", 
        "price": 3114.1, 
        "url": "https://screen-house.com/buy/nushade.json"
    }, 
    {
        "id": "NuShade-216x144-0-0-1-0", 
        "price": 3743.1, 
        "url": "https://screen-house.com/buy/nushade.json"
    }, 
    {
        "id": "NuShade-216x144-0-0-1-1", 
        "price": 3743.1, 
        "url": "https://screen-house.com/buy/nushade.json"
    }, 
    {
        "id": "NuShade-216x144-0-1-0-0", 
        "price": 3615.7, 
        "url": "https://screen-house.com/buy/nushade.json"
    }, 
    {
        "id": "NuShade-216x144-0-1-0-1", 
        "price": 3615.7, 
        "url": "https://screen-house.com/buy/nushade.json"
    }, 
    {
        "id": "NuShade-216x144-0-1-1-0", 
        "price": 4244.7, 
        "url": "https://screen-house.com/buy/nushade.json"
    }, 
    {
        "id": "NuShade-216x144-0-1-1-1", 
        "price": 4244.7, 
        "url": "https://screen-house.com/buy/nushade.json"
    }, 
    {
        "id": "NuShade-216x144-1-0-0-0", 
        "price": 3642.3, 
        "url": "https://screen-house.com/buy/nushade.json"
    }, 
    {
        "id": "NuShade-216x144-1-0-0-1", 
        "price": 3642.3, 
        "url": "https://screen-house.com/buy/nushade.json"
    }, 
    {
        "id": "NuShade-216x144-1-0-1-0", 
        "price": 4271.3, 
        "url": "https://screen-house.com/buy/nushade.json"
    }, 
    {
        "id": "NuShade-216x144-1-0-1-1", 
        "price": 4271.3, 
        "url": "https://screen-house.com/buy/nushade.json"
    }, 
    {
        "id": "NuShade-216x144-1-1-0-0", 
        "price": 4143.9, 
        "url": "https://screen-house.com/buy/nushade.json"
    }, 
    {
        "id": "NuShade-216x144-1-1-0-1", 
        "price": 4143.9, 
        "url": "https://screen-house.com/buy/nushade.json"
    }, 
    {
        "id": "NuShade-216x144-1-1-1-0", 
        "price": 4772.9, 
        "url": "https://screen-house.com/buy/nushade.json"
    }, 
    {
        "id": "NuShade-216x144-1-1-1-1", 
        "price": 4772.9, 
        "url": "https://screen-house.com/buy/nushade.json"
    }, 
    {
        "id": "NuShade-228x144-0-0-0-0", 
        "price": 3116.95, 
        "url": "https://screen-house.com/buy/nushade.json"
    }, 
    {
        "id": "NuShade-228x144-0-0-0-1", 
        "price": 3116.95, 
        "url": "https://screen-house.com/buy/nushade.json"
    }, 
    {
        "id": "NuShade-228x144-0-0-1-0", 
        "price": 3745.95, 
        "url": "https://screen-house.com/buy/nushade.json"
    }, 
    {
        "id": "NuShade-228x144-0-0-1-1", 
        "price": 3745.95, 
        "url": "https://screen-house.com/buy/nushade.json"
    }, 
    {
        "id": "NuShade-228x144-0-1-0-0", 
        "price": 3641.35, 
        "url": "https://screen-house.com/buy/nushade.json"
    }, 
    {
        "id": "NuShade-228x144-0-1-0-1", 
        "price": 3641.35, 
        "url": "https://screen-house.com/buy/nushade.json"
    }, 
    {
        "id": "NuShade-228x144-0-1-1-0", 
        "price": 4270.35, 
        "url": "https://screen-house.com/buy/nushade.json"
    }, 
    {
        "id": "NuShade-228x144-0-1-1-1", 
        "price": 4270.35, 
        "url": "https://screen-house.com/buy/nushade.json"
    }, 
    {
        "id": "NuShade-228x144-1-0-0-0", 
        "price": 3644.2, 
        "url": "https://screen-house.com/buy/nushade.json"
    }, 
    {
        "id": "NuShade-228x144-1-0-0-1", 
        "price": 3644.2, 
        "url": "https://screen-house.com/buy/nushade.json"
    }, 
    {
        "id": "NuShade-228x144-1-0-1-0", 
        "price": 4273.2, 
        "url": "https://screen-house.com/buy/nushade.json"
    }, 
    {
        "id": "NuShade-228x144-1-0-1-1", 
        "price": 4273.2, 
        "url": "https://screen-house.com/buy/nushade.json"
    }, 
    {
        "id": "NuShade-228x144-1-1-0-0", 
        "price": 4168.6, 
        "url": "https://screen-house.com/buy/nushade.json"
    }, 
    {
        "id": "NuShade-228x144-1-1-0-1", 
        "price": 4168.6, 
        "url": "https://screen-house.com/buy/nushade.json"
    }, 
    {
        "id": "NuShade-228x144-1-1-1-0", 
        "price": 4797.6, 
        "url": "https://screen-house.com/buy/nushade.json"
    }, 
    {
        "id": "NuShade-228x144-1-1-1-1", 
        "price": 4797.6, 
        "url": "https://screen-house.com/buy/nushade.json"
    }, 
    {
        "id": "NuShade-240x144-0-0-0-0", 
        "price": 3268.0, 
        "url": "https://screen-house.com/buy/nushade.json"
    }, 
    {
        "id": "NuShade-240x144-0-0-0-1", 
        "price": 3268.0, 
        "url": "https://screen-house.com/buy/nushade.json"
    }, 
    {
        "id": "NuShade-240x144-0-0-1-0", 
        "price": 3897.0, 
        "url": "https://screen-house.com/buy/nushade.json"
    }, 
    {
        "id": "NuShade-240x144-0-0-1-1", 
        "price": 3897.0, 
        "url": "https://screen-house.com/buy/nushade.json"
    }, 
    {
        "id": "NuShade-240x144-0-1-0-0", 
        "price": 3815.2, 
        "url": "https://screen-house.com/buy/nushade.json"
    }, 
    {
        "id": "NuShade-240x144-0-1-0-1", 
        "price": 3815.2, 
        "url": "https://screen-house.com/buy/nushade.json"
    }, 
    {
        "id": "NuShade-240x144-0-1-1-0", 
        "price": 4444.2, 
        "url": "https://screen-house.com/buy/nushade.json"
    }, 
    {
        "id": "NuShade-240x144-0-1-1-1", 
        "price": 4444.2, 
        "url": "https://screen-house.com/buy/nushade.json"
    }, 
    {
        "id": "NuShade-240x144-1-0-0-0", 
        "price": 3796.2, 
        "url": "https://screen-house.com/buy/nushade.json"
    }, 
    {
        "id": "NuShade-240x144-1-0-0-1", 
        "price": 3796.2, 
        "url": "https://screen-house.com/buy/nushade.json"
    }, 
    {
        "id": "NuShade-240x144-1-0-1-0", 
        "price": 4425.2, 
        "url": "https://screen-house.com/buy/nushade.json"
    }, 
    {
        "id": "NuShade-240x144-1-0-1-1", 
        "price": 4425.2, 
        "url": "https://screen-house.com/buy/nushade.json"
    }, 
    {
        "id": "NuShade-240x144-1-1-0-0", 
        "price": 4343.4, 
        "url": "https://screen-house.com/buy/nushade.json"
    }, 
    {
        "id": "NuShade-240x144-1-1-0-1", 
        "price": 4343.4, 
        "url": "https://screen-house.com/buy/nushade.json"
    }, 
    {
        "id": "NuShade-240x144-1-1-1-0", 
        "price": 4972.4, 
        "url": "https://screen-house.com/buy/nushade.json"
    }, 
    {
        "id": "NuShade-240x144-1-1-1-1", 
        "price": 4972.4, 
        "url": "https://screen-house.com/buy/nushade.json"
    }
]