[
    {
        "id": "Polaria-120x120-0", 
        "price": "8689.20", 
        "url": "https://screen-house.com/buy/polaria.json"
    }, 
    {
        "id": "Polaria-120x120-1", 
        "price": "9004.20", 
        "url": "https://screen-house.com/buy/polaria.json"
    }, 
    {
        "id": "Polaria-120x132-0", 
        "price": "9558.00", 
        "url": "https://screen-house.com/buy/polaria.json"
    }, 
    {
        "id": "Polaria-120x132-1", 
        "price": "9905.00", 
        "url": "https://screen-house.com/buy/polaria.json"
    }, 
    {
        "id": "Polaria-120x144-0", 
        "price": "10426.80", 
        "url": "https://screen-house.com/buy/polaria.json"
    }, 
    {
        "id": "Polaria-120x144-1", 
        "price": "10804.80", 
        "url": "https://screen-house.com/buy/polaria.json"
    }, 
    {
        "id": "Polaria-120x156-0", 
        "price": "11295.60", 
        "url": "https://screen-house.com/buy/polaria.json"
    }, 
    {
        "id": "Polaria-120x156-1", 
        "price": "11705.60", 
        "url": "https://screen-house.com/buy/polaria.json"
    }, 
    {
        "id": "Polaria-120x168-0", 
        "price": "12164.40", 
        "url": "https://screen-house.com/buy/polaria.json"
    }, 
    {
        "id": "Polaria-120x168-1", 
        "price": "12606.40", 
        "url": "https://screen-house.com/buy/polaria.json"
    }, 
    {
        "id": "Polaria-120x180-0", 
        "price": "13033.20", 
        "url": "https://screen-house.com/buy/polaria.json"
    }, 
    {
        "id": "Polaria-120x180-1", 
        "price": "13506.20", 
        "url": "https://screen-house.com/buy/polaria.json"
    }, 
    {
        "id": "Polaria-120x192-0", 
        "price": "13902.00", 
        "url": "https://screen-house.com/buy/polaria.json"
    }, 
    {
        "id": "Polaria-120x192-1", 
        "price": "14407.00", 
        "url": "https://screen-house.com/buy/polaria.json"
    }, 
    {
        "id": "Polaria-120x204-0", 
        "price": "14149.20", 
        "url": "https://screen-house.com/buy/polaria.json"
    }, 
    {
        "id": "Polaria-120x204-1", 
        "price": "14149.20", 
        "url": "https://screen-house.com/buy/polaria.json"
    }, 
    {
        "id": "Polaria-120x216-0", 
        "price": "14982.00", 
        "url": "https://screen-house.com/buy/polaria.json"
    }, 
    {
        "id": "Polaria-120x216-1", 
        "price": "14982.00", 
        "url": "https://screen-house.com/buy/polaria.json"
    }, 
    {
        "id": "Polaria-132x120-0", 
        "price": "9558.00", 
        "url": "https://screen-house.com/buy/polaria.json"
    }, 
    {
        "id": "Polaria-132x120-1", 
        "price": "9905.00", 
        "url": "https://screen-house.com/buy/polaria.json"
    }, 
    {
        "id": "Polaria-132x132-0", 
        "price": "10513.20", 
        "url": "https://screen-house.com/buy/polaria.json"
    }, 
    {
        "id": "Polaria-132x132-1", 
        "price": "10895.20", 
        "url": "https://screen-house.com/buy/polaria.json"
    }, 
    {
        "id": "Polaria-132x144-0", 
        "price": "11469.60", 
        "url": "https://screen-house.com/buy/polaria.json"
    }, 
    {
        "id": "Polaria-132x144-1", 
        "price": "11885.60", 
        "url": "https://screen-house.com/buy/polaria.json"
    }, 
    {
        "id": "Polaria-132x156-0", 
        "price": "12424.80", 
        "url": "https://screen-house.com/buy/polaria.json"
    }, 
    {
        "id": "Polaria-132x156-1", 
        "price": "12875.80", 
        "url": "https://screen-house.com/buy/polaria.json"
    }, 
    {
        "id": "Polaria-132x168-0", 
        "price": "13381.20", 
        "url": "https://screen-house.com/buy/polaria.json"
    }, 
    {
        "id": "Polaria-132x168-1", 
        "price": "13866.20", 
        "url": "https://screen-house.com/buy/polaria.json"
    }, 
    {
        "id": "Polaria-132x180-0", 
        "price": "14336.40", 
        "url": "https://screen-house.com/buy/polaria.json"
    }, 
    {
        "id": "Polaria-132x180-1", 
        "price": "14857.40", 
        "url": "https://screen-house.com/buy/polaria.json"
    }, 
    {
        "id": "Polaria-132x192-0", 
        "price": "14648.40", 
        "url": "https://screen-house.com/buy/polaria.json"
    }, 
    {
        "id": "Polaria-132x192-1", 
        "price": "14648.40", 
        "url": "https://screen-house.com/buy/polaria.json"
    }, 
    {
        "id": "Polaria-132x204-0", 
        "price": "15235.20", 
        "url": "https://screen-house.com/buy/polaria.json"
    }, 
    {
        "id": "Polaria-132x204-1", 
        "price": "15235.20", 
        "url": "https://screen-house.com/buy/polaria.json"
    }, 
    {
        "id": "Polaria-132x216-0", 
        "price": "15756.00", 
        "url": "https://screen-house.com/buy/polaria.json"
    }, 
    {
        "id": "Polaria-132x216-1", 
        "price": "15756.00", 
        "url": "https://screen-house.com/buy/polaria.json"
    }, 
    {
        "id": "Polaria-144x120-0", 
        "price": "10426.80", 
        "url": "https://screen-house.com/buy/polaria.json"
    }, 
    {
        "id": "Polaria-144x120-1", 
        "price": "10804.80", 
        "url": "https://screen-house.com/buy/polaria.json"
    }, 
    {
        "id": "Polaria-144x132-0", 
        "price": "11469.60", 
        "url": "https://screen-house.com/buy/polaria.json"
    }, 
    {
        "id": "Polaria-144x132-1", 
        "price": "11885.60", 
        "url": "https://screen-house.com/buy/polaria.json"
    }, 
    {
        "id": "Polaria-144x144-0", 
        "price": "12512.40", 
        "url": "https://screen-house.com/buy/polaria.json"
    }, 
    {
        "id": "Polaria-144x144-1", 
        "price": "12966.40", 
        "url": "https://screen-house.com/buy/polaria.json"
    }, 
    {
        "id": "Polaria-144x156-0", 
        "price": "13554.00", 
        "url": "https://screen-house.com/buy/polaria.json"
    }, 
    {
        "id": "Polaria-144x156-1", 
        "price": "14047.00", 
        "url": "https://screen-house.com/buy/polaria.json"
    }, 
    {
        "id": "Polaria-144x168-0", 
        "price": "13982.40", 
        "url": "https://screen-house.com/buy/polaria.json"
    }, 
    {
        "id": "Polaria-144x168-1", 
        "price": "13982.40", 
        "url": "https://screen-house.com/buy/polaria.json"
    }, 
    {
        "id": "Polaria-144x180-0", 
        "price": "14982.00", 
        "url": "https://screen-house.com/buy/polaria.json"
    }, 
    {
        "id": "Polaria-144x180-1", 
        "price": "14982.00", 
        "url": "https://screen-house.com/buy/polaria.json"
    }, 
    {
        "id": "Polaria-144x192-0", 
        "price": "15278.40", 
        "url": "https://screen-house.com/buy/polaria.json"
    }, 
    {
        "id": "Polaria-144x192-1", 
        "price": "15278.40", 
        "url": "https://screen-house.com/buy/polaria.json"
    }, 
    {
        "id": "Polaria-144x204-0", 
        "price": "15847.20", 
        "url": "https://screen-house.com/buy/polaria.json"
    }, 
    {
        "id": "Polaria-144x204-1", 
        "price": "15847.20", 
        "url": "https://screen-house.com/buy/polaria.json"
    }, 
    {
        "id": "Polaria-144x216-0", 
        "price": "16370.40", 
        "url": "https://screen-house.com/buy/polaria.json"
    }, 
    {
        "id": "Polaria-144x216-1", 
        "price": "16370.40", 
        "url": "https://screen-house.com/buy/polaria.json"
    }, 
    {
        "id": "Polaria-156x120-0", 
        "price": "11295.60", 
        "url": "https://screen-house.com/buy/polaria.json"
    }, 
    {
        "id": "Polaria-156x120-1", 
        "price": "11705.60", 
        "url": "https://screen-house.com/buy/polaria.json"
    }, 
    {
        "id": "Polaria-156x132-0", 
        "price": "12424.80", 
        "url": "https://screen-house.com/buy/polaria.json"
    }, 
    {
        "id": "Polaria-156x132-1", 
        "price": "12875.80", 
        "url": "https://screen-house.com/buy/polaria.json"
    }, 
    {
        "id": "Polaria-156x144-0", 
        "price": "13554.00", 
        "url": "https://screen-house.com/buy/polaria.json"
    }, 
    {
        "id": "Polaria-156x144-1", 
        "price": "14047.00", 
        "url": "https://screen-house.com/buy/polaria.json"
    }, 
    {
        "id": "Polaria-156x156-0", 
        "price": "14066.40", 
        "url": "https://screen-house.com/buy/polaria.json"
    }, 
    {
        "id": "Polaria-156x156-1", 
        "price": "14066.40", 
        "url": "https://screen-house.com/buy/polaria.json"
    }, 
    {
        "id": "Polaria-156x168-0", 
        "price": "14827.20", 
        "url": "https://screen-house.com/buy/polaria.json"
    }, 
    {
        "id": "Polaria-156x168-1", 
        "price": "14827.20", 
        "url": "https://screen-house.com/buy/polaria.json"
    }, 
    {
        "id": "Polaria-156x180-0", 
        "price": "15517.20", 
        "url": "https://screen-house.com/buy/polaria.json"
    }, 
    {
        "id": "Polaria-156x180-1", 
        "price": "15517.20", 
        "url": "https://screen-house.com/buy/polaria.json"
    }, 
    {
        "id": "Polaria-156x192-0", 
        "price": "16158.00", 
        "url": "https://screen-house.com/buy/polaria.json"
    }, 
    {
        "id": "Polaria-156x192-1", 
        "price": "16158.00", 
        "url": "https://screen-house.com/buy/polaria.json"
    }, 
    {
        "id": "Polaria-156x204-0", 
        "price": "16359.60", 
        "url": "https://screen-house.com/buy/polaria.json"
    }, 
    {
        "id": "Polaria-156x204-1", 
        "price": "16359.60", 
        "url": "https://screen-house.com/buy/polaria.json"
    }, 
    {
        "id": "Polaria-156x216-0", 
        "price": "17322.00", 
        "url": "https://screen-house.com/buy/polaria.json"
    }, 
    {
        "id": "Polaria-156x216-1", 
        "price": "17322.00", 
        "url": "https://screen-house.com/buy/polaria.json"
    }, 
    {
        "id": "Polaria-168x120-0", 
        "price": "12164.40", 
        "url": "https://screen-house.com/buy/polaria.json"
    }, 
    {
        "id": "Polaria-168x120-1", 
        "price": "12606.40", 
        "url": "https://screen-house.com/buy/polaria.json"
    }, 
    {
        "id": "Polaria-168x132-0", 
        "price": "13381.20", 
        "url": "https://screen-house.com/buy/polaria.json"
    }, 
    {
        "id": "Polaria-168x132-1", 
        "price": "13866.20", 
        "url": "https://screen-house.com/buy/polaria.json"
    }, 
    {
        "id": "Polaria-168x144-0", 
        "price": "13982.40", 
        "url": "https://screen-house.com/buy/polaria.json"
    }, 
    {
        "id": "Polaria-168x144-1", 
        "price": "13982.40", 
        "url": "https://screen-house.com/buy/polaria.json"
    }, 
    {
        "id": "Polaria-168x156-0", 
        "price": "14827.20", 
        "url": "https://screen-house.com/buy/polaria.json"
    }, 
    {
        "id": "Polaria-168x156-1", 
        "price": "14827.20", 
        "url": "https://screen-house.com/buy/polaria.json"
    }, 
    {
        "id": "Polaria-168x168-0", 
        "price": "15596.40", 
        "url": "https://screen-house.com/buy/polaria.json"
    }, 
    {
        "id": "Polaria-168x168-1", 
        "price": "15596.40", 
        "url": "https://screen-house.com/buy/polaria.json"
    }, 
    {
        "id": "Polaria-168x180-0", 
        "price": "16314.00", 
        "url": "https://screen-house.com/buy/polaria.json"
    }, 
    {
        "id": "Polaria-168x180-1", 
        "price": "16314.00", 
        "url": "https://screen-house.com/buy/polaria.json"
    }, 
    {
        "id": "Polaria-168x192-0", 
        "price": "16581.60", 
        "url": "https://screen-house.com/buy/polaria.json"
    }, 
    {
        "id": "Polaria-168x192-1", 
        "price": "16581.60", 
        "url": "https://screen-house.com/buy/polaria.json"
    }, 
    {
        "id": "Polaria-168x204-0", 
        "price": "17618.40", 
        "url": "https://screen-house.com/buy/polaria.json"
    }, 
    {
        "id": "Polaria-168x204-1", 
        "price": "17618.40", 
        "url": "https://screen-house.com/buy/polaria.json"
    }, 
    {
        "id": "Polaria-168x216-0", 
        "price": "18655.20", 
        "url": "https://screen-house.com/buy/polaria.json"
    }, 
    {
        "id": "Polaria-168x216-1", 
        "price": "18655.20", 
        "url": "https://screen-house.com/buy/polaria.json"
    }
]