[
    {
        "id": "Prestige-132x132-0-0-0-0", 
        "price": 6390.0, 
        "url": "https://screen-house.com/buy/prestige.json"
    }, 
    {
        "id": "Prestige-132x132-0-0-0-1", 
        "price": 6515.0, 
        "url": "https://screen-house.com/buy/prestige.json"
    }, 
    {
        "id": "Prestige-132x132-0-0-1-0", 
        "price": 6669.0, 
        "url": "https://screen-house.com/buy/prestige.json"
    }, 
    {
        "id": "Prestige-132x132-0-0-1-1", 
        "price": 6794.0, 
        "url": "https://screen-house.com/buy/prestige.json"
    }, 
    {
        "id": "Prestige-132x132-0-1-0-0", 
        "price": 6569.0, 
        "url": "https://screen-house.com/buy/prestige.json"
    }, 
    {
        "id": "Prestige-132x132-0-1-0-1", 
        "price": 6694.0, 
        "url": "https://screen-house.com/buy/prestige.json"
    }, 
    {
        "id": "Prestige-132x132-0-1-1-0", 
        "price": 6848.0, 
        "url": "https://screen-house.com/buy/prestige.json"
    }, 
    {
        "id": "Prestige-132x132-0-1-1-1", 
        "price": 6973.0, 
        "url": "https://screen-house.com/buy/prestige.json"
    }, 
    {
        "id": "Prestige-132x132-1-0-0-0", 
        "price": 6489.0, 
        "url": "https://screen-house.com/buy/prestige.json"
    }, 
    {
        "id": "Prestige-132x132-1-0-0-1", 
        "price": 6614.0, 
        "url": "https://screen-house.com/buy/prestige.json"
    }, 
    {
        "id": "Prestige-132x132-1-0-1-0", 
        "price": 6768.0, 
        "url": "https://screen-house.com/buy/prestige.json"
    }, 
    {
        "id": "Prestige-132x132-1-0-1-1", 
        "price": 6893.0, 
        "url": "https://screen-house.com/buy/prestige.json"
    }, 
    {
        "id": "Prestige-132x132-1-1-0-0", 
        "price": 6668.0, 
        "url": "https://screen-house.com/buy/prestige.json"
    }, 
    {
        "id": "Prestige-132x132-1-1-0-1", 
        "price": 6793.0, 
        "url": "https://screen-house.com/buy/prestige.json"
    }, 
    {
        "id": "Prestige-132x132-1-1-1-0", 
        "price": 6947.0, 
        "url": "https://screen-house.com/buy/prestige.json"
    }, 
    {
        "id": "Prestige-132x132-1-1-1-1", 
        "price": 7072.0, 
        "url": "https://screen-house.com/buy/prestige.json"
    }, 
    {
        "id": "Prestige-132x144-0-0-0-0", 
        "price": 6890.0, 
        "url": "https://screen-house.com/buy/prestige.json"
    }, 
    {
        "id": "Prestige-132x144-0-0-0-1", 
        "price": 7015.0, 
        "url": "https://screen-house.com/buy/prestige.json"
    }, 
    {
        "id": "Prestige-132x144-0-0-1-0", 
        "price": 7169.0, 
        "url": "https://screen-house.com/buy/prestige.json"
    }, 
    {
        "id": "Prestige-132x144-0-0-1-1", 
        "price": 7294.0, 
        "url": "https://screen-house.com/buy/prestige.json"
    }, 
    {
        "id": "Prestige-132x144-0-1-0-0", 
        "price": 7069.0, 
        "url": "https://screen-house.com/buy/prestige.json"
    }, 
    {
        "id": "Prestige-132x144-0-1-0-1", 
        "price": 7194.0, 
        "url": "https://screen-house.com/buy/prestige.json"
    }, 
    {
        "id": "Prestige-132x144-0-1-1-0", 
        "price": 7348.0, 
        "url": "https://screen-house.com/buy/prestige.json"
    }, 
    {
        "id": "Prestige-132x144-0-1-1-1", 
        "price": 7473.0, 
        "url": "https://screen-house.com/buy/prestige.json"
    }, 
    {
        "id": "Prestige-132x144-1-0-0-0", 
        "price": 6989.0, 
        "url": "https://screen-house.com/buy/prestige.json"
    }, 
    {
        "id": "Prestige-132x144-1-0-0-1", 
        "price": 7114.0, 
        "url": "https://screen-house.com/buy/prestige.json"
    }, 
    {
        "id": "Prestige-132x144-1-0-1-0", 
        "price": 7268.0, 
        "url": "https://screen-house.com/buy/prestige.json"
    }, 
    {
        "id": "Prestige-132x144-1-0-1-1", 
        "price": 7393.0, 
        "url": "https://screen-house.com/buy/prestige.json"
    }, 
    {
        "id": "Prestige-132x144-1-1-0-0", 
        "price": 7168.0, 
        "url": "https://screen-house.com/buy/prestige.json"
    }, 
    {
        "id": "Prestige-132x144-1-1-0-1", 
        "price": 7293.0, 
        "url": "https://screen-house.com/buy/prestige.json"
    }, 
    {
        "id": "Prestige-132x144-1-1-1-0", 
        "price": 7447.0, 
        "url": "https://screen-house.com/buy/prestige.json"
    }, 
    {
        "id": "Prestige-132x144-1-1-1-1", 
        "price": 7572.0, 
        "url": "https://screen-house.com/buy/prestige.json"
    }, 
    {
        "id": "Prestige-144x144-0-0-0-0", 
        "price": 7090.0, 
        "url": "https://screen-house.com/buy/prestige.json"
    }, 
    {
        "id": "Prestige-144x144-0-0-0-1", 
        "price": 7215.0, 
        "url": "https://screen-house.com/buy/prestige.json"
    }, 
    {
        "id": "Prestige-144x144-0-0-1-0", 
        "price": 7369.0, 
        "url": "https://screen-house.com/buy/prestige.json"
    }, 
    {
        "id": "Prestige-144x144-0-0-1-1", 
        "price": 7494.0, 
        "url": "https://screen-house.com/buy/prestige.json"
    }, 
    {
        "id": "Prestige-144x144-0-1-0-0", 
        "price": 7269.0, 
        "url": "https://screen-house.com/buy/prestige.json"
    }, 
    {
        "id": "Prestige-144x144-0-1-0-1", 
        "price": 7394.0, 
        "url": "https://screen-house.com/buy/prestige.json"
    }, 
    {
        "id": "Prestige-144x144-0-1-1-0", 
        "price": 7548.0, 
        "url": "https://screen-house.com/buy/prestige.json"
    }, 
    {
        "id": "Prestige-144x144-0-1-1-1", 
        "price": 7673.0, 
        "url": "https://screen-house.com/buy/prestige.json"
    }, 
    {
        "id": "Prestige-144x144-1-0-0-0", 
        "price": 7189.0, 
        "url": "https://screen-house.com/buy/prestige.json"
    }, 
    {
        "id": "Prestige-144x144-1-0-0-1", 
        "price": 7314.0, 
        "url": "https://screen-house.com/buy/prestige.json"
    }, 
    {
        "id": "Prestige-144x144-1-0-1-0", 
        "price": 7468.0, 
        "url": "https://screen-house.com/buy/prestige.json"
    }, 
    {
        "id": "Prestige-144x144-1-0-1-1", 
        "price": 7593.0, 
        "url": "https://screen-house.com/buy/prestige.json"
    }, 
    {
        "id": "Prestige-144x144-1-1-0-0", 
        "price": 7368.0, 
        "url": "https://screen-house.com/buy/prestige.json"
    }, 
    {
        "id": "Prestige-144x144-1-1-0-1", 
        "price": 7493.0, 
        "url": "https://screen-house.com/buy/prestige.json"
    }, 
    {
        "id": "Prestige-144x144-1-1-1-0", 
        "price": 7647.0, 
        "url": "https://screen-house.com/buy/prestige.json"
    }, 
    {
        "id": "Prestige-144x144-1-1-1-1", 
        "price": 7772.0, 
        "url": "https://screen-house.com/buy/prestige.json"
    }, 
    {
        "id": "Prestige-132x168-0-0-0-0", 
        "price": 7590.0, 
        "url": "https://screen-house.com/buy/prestige.json"
    }, 
    {
        "id": "Prestige-132x168-0-0-0-1", 
        "price": 7715.0, 
        "url": "https://screen-house.com/buy/prestige.json"
    }, 
    {
        "id": "Prestige-132x168-0-0-1-0", 
        "price": 7869.0, 
        "url": "https://screen-house.com/buy/prestige.json"
    }, 
    {
        "id": "Prestige-132x168-0-0-1-1", 
        "price": 7994.0, 
        "url": "https://screen-house.com/buy/prestige.json"
    }, 
    {
        "id": "Prestige-132x168-0-1-0-0", 
        "price": 7769.0, 
        "url": "https://screen-house.com/buy/prestige.json"
    }, 
    {
        "id": "Prestige-132x168-0-1-0-1", 
        "price": 7894.0, 
        "url": "https://screen-house.com/buy/prestige.json"
    }, 
    {
        "id": "Prestige-132x168-0-1-1-0", 
        "price": 8048.0, 
        "url": "https://screen-house.com/buy/prestige.json"
    }, 
    {
        "id": "Prestige-132x168-0-1-1-1", 
        "price": 8173.0, 
        "url": "https://screen-house.com/buy/prestige.json"
    }, 
    {
        "id": "Prestige-132x168-1-0-0-0", 
        "price": 7689.0, 
        "url": "https://screen-house.com/buy/prestige.json"
    }, 
    {
        "id": "Prestige-132x168-1-0-0-1", 
        "price": 7814.0, 
        "url": "https://screen-house.com/buy/prestige.json"
    }, 
    {
        "id": "Prestige-132x168-1-0-1-0", 
        "price": 7968.0, 
        "url": "https://screen-house.com/buy/prestige.json"
    }, 
    {
        "id": "Prestige-132x168-1-0-1-1", 
        "price": 8093.0, 
        "url": "https://screen-house.com/buy/prestige.json"
    }, 
    {
        "id": "Prestige-132x168-1-1-0-0", 
        "price": 7868.0, 
        "url": "https://screen-house.com/buy/prestige.json"
    }, 
    {
        "id": "Prestige-132x168-1-1-0-1", 
        "price": 7993.0, 
        "url": "https://screen-house.com/buy/prestige.json"
    }, 
    {
        "id": "Prestige-132x168-1-1-1-0", 
        "price": 8147.0, 
        "url": "https://screen-house.com/buy/prestige.json"
    }, 
    {
        "id": "Prestige-132x168-1-1-1-1", 
        "price": 8272.0, 
        "url": "https://screen-house.com/buy/prestige.json"
    }, 
    {
        "id": "Prestige-144x168-0-0-0-0", 
        "price": 8190.0, 
        "url": "https://screen-house.com/buy/prestige.json"
    }, 
    {
        "id": "Prestige-144x168-0-0-0-1", 
        "price": 8315.0, 
        "url": "https://screen-house.com/buy/prestige.json"
    }, 
    {
        "id": "Prestige-144x168-0-0-1-0", 
        "price": 8469.0, 
        "url": "https://screen-house.com/buy/prestige.json"
    }, 
    {
        "id": "Prestige-144x168-0-0-1-1", 
        "price": 8594.0, 
        "url": "https://screen-house.com/buy/prestige.json"
    }, 
    {
        "id": "Prestige-144x168-0-1-0-0", 
        "price": 8369.0, 
        "url": "https://screen-house.com/buy/prestige.json"
    }, 
    {
        "id": "Prestige-144x168-0-1-0-1", 
        "price": 8494.0, 
        "url": "https://screen-house.com/buy/prestige.json"
    }, 
    {
        "id": "Prestige-144x168-0-1-1-0", 
        "price": 8648.0, 
        "url": "https://screen-house.com/buy/prestige.json"
    }, 
    {
        "id": "Prestige-144x168-0-1-1-1", 
        "price": 8773.0, 
        "url": "https://screen-house.com/buy/prestige.json"
    }, 
    {
        "id": "Prestige-144x168-1-0-0-0", 
        "price": 8289.0, 
        "url": "https://screen-house.com/buy/prestige.json"
    }, 
    {
        "id": "Prestige-144x168-1-0-0-1", 
        "price": 8414.0, 
        "url": "https://screen-house.com/buy/prestige.json"
    }, 
    {
        "id": "Prestige-144x168-1-0-1-0", 
        "price": 8568.0, 
        "url": "https://screen-house.com/buy/prestige.json"
    }, 
    {
        "id": "Prestige-144x168-1-0-1-1", 
        "price": 8693.0, 
        "url": "https://screen-house.com/buy/prestige.json"
    }, 
    {
        "id": "Prestige-144x168-1-1-0-0", 
        "price": 8468.0, 
        "url": "https://screen-house.com/buy/prestige.json"
    }, 
    {
        "id": "Prestige-144x168-1-1-0-1", 
        "price": 8593.0, 
        "url": "https://screen-house.com/buy/prestige.json"
    }, 
    {
        "id": "Prestige-144x168-1-1-1-0", 
        "price": 8747.0, 
        "url": "https://screen-house.com/buy/prestige.json"
    }, 
    {
        "id": "Prestige-144x168-1-1-1-1", 
        "price": 8872.0, 
        "url": "https://screen-house.com/buy/prestige.json"
    }, 
    {
        "id": "Prestige-168x168-0-0-0-0", 
        "price": 8590.0, 
        "url": "https://screen-house.com/buy/prestige.json"
    }, 
    {
        "id": "Prestige-168x168-0-0-0-1", 
        "price": 8715.0, 
        "url": "https://screen-house.com/buy/prestige.json"
    }, 
    {
        "id": "Prestige-168x168-0-0-1-0", 
        "price": 8869.0, 
        "url": "https://screen-house.com/buy/prestige.json"
    }, 
    {
        "id": "Prestige-168x168-0-0-1-1", 
        "price": 8994.0, 
        "url": "https://screen-house.com/buy/prestige.json"
    }, 
    {
        "id": "Prestige-168x168-0-1-0-0", 
        "price": 8769.0, 
        "url": "https://screen-house.com/buy/prestige.json"
    }, 
    {
        "id": "Prestige-168x168-0-1-0-1", 
        "price": 8894.0, 
        "url": "https://screen-house.com/buy/prestige.json"
    }, 
    {
        "id": "Prestige-168x168-0-1-1-0", 
        "price": 9048.0, 
        "url": "https://screen-house.com/buy/prestige.json"
    }, 
    {
        "id": "Prestige-168x168-0-1-1-1", 
        "price": 9173.0, 
        "url": "https://screen-house.com/buy/prestige.json"
    }, 
    {
        "id": "Prestige-168x168-1-0-0-0", 
        "price": 8689.0, 
        "url": "https://screen-house.com/buy/prestige.json"
    }, 
    {
        "id": "Prestige-168x168-1-0-0-1", 
        "price": 8814.0, 
        "url": "https://screen-house.com/buy/prestige.json"
    }, 
    {
        "id": "Prestige-168x168-1-0-1-0", 
        "price": 8968.0, 
        "url": "https://screen-house.com/buy/prestige.json"
    }, 
    {
        "id": "Prestige-168x168-1-0-1-1", 
        "price": 9093.0, 
        "url": "https://screen-house.com/buy/prestige.json"
    }, 
    {
        "id": "Prestige-168x168-1-1-0-0", 
        "price": 8868.0, 
        "url": "https://screen-house.com/buy/prestige.json"
    }, 
    {
        "id": "Prestige-168x168-1-1-0-1", 
        "price": 8993.0, 
        "url": "https://screen-house.com/buy/prestige.json"
    }, 
    {
        "id": "Prestige-168x168-1-1-1-0", 
        "price": 9147.0, 
        "url": "https://screen-house.com/buy/prestige.json"
    }, 
    {
        "id": "Prestige-168x168-1-1-1-1", 
        "price": 9272.0, 
        "url": "https://screen-house.com/buy/prestige.json"
    }, 
    {
        "id": "Prestige-132x192-0-0-0-0", 
        "price": 8090.0, 
        "url": "https://screen-house.com/buy/prestige.json"
    }, 
    {
        "id": "Prestige-132x192-0-0-0-1", 
        "price": 8215.0, 
        "url": "https://screen-house.com/buy/prestige.json"
    }, 
    {
        "id": "Prestige-132x192-0-0-1-0", 
        "price": 8369.0, 
        "url": "https://screen-house.com/buy/prestige.json"
    }, 
    {
        "id": "Prestige-132x192-0-0-1-1", 
        "price": 8494.0, 
        "url": "https://screen-house.com/buy/prestige.json"
    }, 
    {
        "id": "Prestige-132x192-0-1-0-0", 
        "price": 8269.0, 
        "url": "https://screen-house.com/buy/prestige.json"
    }, 
    {
        "id": "Prestige-132x192-0-1-0-1", 
        "price": 8394.0, 
        "url": "https://screen-house.com/buy/prestige.json"
    }, 
    {
        "id": "Prestige-132x192-0-1-1-0", 
        "price": 8548.0, 
        "url": "https://screen-house.com/buy/prestige.json"
    }, 
    {
        "id": "Prestige-132x192-0-1-1-1", 
        "price": 8673.0, 
        "url": "https://screen-house.com/buy/prestige.json"
    }, 
    {
        "id": "Prestige-132x192-1-0-0-0", 
        "price": 8189.0, 
        "url": "https://screen-house.com/buy/prestige.json"
    }, 
    {
        "id": "Prestige-132x192-1-0-0-1", 
        "price": 8314.0, 
        "url": "https://screen-house.com/buy/prestige.json"
    }, 
    {
        "id": "Prestige-132x192-1-0-1-0", 
        "price": 8468.0, 
        "url": "https://screen-house.com/buy/prestige.json"
    }, 
    {
        "id": "Prestige-132x192-1-0-1-1", 
        "price": 8593.0, 
        "url": "https://screen-house.com/buy/prestige.json"
    }, 
    {
        "id": "Prestige-132x192-1-1-0-0", 
        "price": 8368.0, 
        "url": "https://screen-house.com/buy/prestige.json"
    }, 
    {
        "id": "Prestige-132x192-1-1-0-1", 
        "price": 8493.0, 
        "url": "https://screen-house.com/buy/prestige.json"
    }, 
    {
        "id": "Prestige-132x192-1-1-1-0", 
        "price": 8647.0, 
        "url": "https://screen-house.com/buy/prestige.json"
    }, 
    {
        "id": "Prestige-132x192-1-1-1-1", 
        "price": 8772.0, 
        "url": "https://screen-house.com/buy/prestige.json"
    }, 
    {
        "id": "Prestige-144x192-0-0-0-0", 
        "price": 8590.0, 
        "url": "https://screen-house.com/buy/prestige.json"
    }, 
    {
        "id": "Prestige-144x192-0-0-0-1", 
        "price": 8715.0, 
        "url": "https://screen-house.com/buy/prestige.json"
    }, 
    {
        "id": "Prestige-144x192-0-0-1-0", 
        "price": 8869.0, 
        "url": "https://screen-house.com/buy/prestige.json"
    }, 
    {
        "id": "Prestige-144x192-0-0-1-1", 
        "price": 8994.0, 
        "url": "https://screen-house.com/buy/prestige.json"
    }, 
    {
        "id": "Prestige-144x192-0-1-0-0", 
        "price": 8769.0, 
        "url": "https://screen-house.com/buy/prestige.json"
    }, 
    {
        "id": "Prestige-144x192-0-1-0-1", 
        "price": 8894.0, 
        "url": "https://screen-house.com/buy/prestige.json"
    }, 
    {
        "id": "Prestige-144x192-0-1-1-0", 
        "price": 9048.0, 
        "url": "https://screen-house.com/buy/prestige.json"
    }, 
    {
        "id": "Prestige-144x192-0-1-1-1", 
        "price": 9173.0, 
        "url": "https://screen-house.com/buy/prestige.json"
    }, 
    {
        "id": "Prestige-144x192-1-0-0-0", 
        "price": 8689.0, 
        "url": "https://screen-house.com/buy/prestige.json"
    }, 
    {
        "id": "Prestige-144x192-1-0-0-1", 
        "price": 8814.0, 
        "url": "https://screen-house.com/buy/prestige.json"
    }, 
    {
        "id": "Prestige-144x192-1-0-1-0", 
        "price": 8968.0, 
        "url": "https://screen-house.com/buy/prestige.json"
    }, 
    {
        "id": "Prestige-144x192-1-0-1-1", 
        "price": 9093.0, 
        "url": "https://screen-house.com/buy/prestige.json"
    }, 
    {
        "id": "Prestige-144x192-1-1-0-0", 
        "price": 8868.0, 
        "url": "https://screen-house.com/buy/prestige.json"
    }, 
    {
        "id": "Prestige-144x192-1-1-0-1", 
        "price": 8993.0, 
        "url": "https://screen-house.com/buy/prestige.json"
    }, 
    {
        "id": "Prestige-144x192-1-1-1-0", 
        "price": 9147.0, 
        "url": "https://screen-house.com/buy/prestige.json"
    }, 
    {
        "id": "Prestige-144x192-1-1-1-1", 
        "price": 9272.0, 
        "url": "https://screen-house.com/buy/prestige.json"
    }, 
    {
        "id": "Prestige-168x192-0-0-0-0", 
        "price": 9540.0, 
        "url": "https://screen-house.com/buy/prestige.json"
    }, 
    {
        "id": "Prestige-168x192-0-0-0-1", 
        "price": 9665.0, 
        "url": "https://screen-house.com/buy/prestige.json"
    }, 
    {
        "id": "Prestige-168x192-0-0-1-0", 
        "price": 9819.0, 
        "url": "https://screen-house.com/buy/prestige.json"
    }, 
    {
        "id": "Prestige-168x192-0-0-1-1", 
        "price": 9944.0, 
        "url": "https://screen-house.com/buy/prestige.json"
    }, 
    {
        "id": "Prestige-168x192-0-1-0-0", 
        "price": 9719.0, 
        "url": "https://screen-house.com/buy/prestige.json"
    }, 
    {
        "id": "Prestige-168x192-0-1-0-1", 
        "price": 9844.0, 
        "url": "https://screen-house.com/buy/prestige.json"
    }, 
    {
        "id": "Prestige-168x192-0-1-1-0", 
        "price": 9998.0, 
        "url": "https://screen-house.com/buy/prestige.json"
    }, 
    {
        "id": "Prestige-168x192-0-1-1-1", 
        "price": 10123.0, 
        "url": "https://screen-house.com/buy/prestige.json"
    }, 
    {
        "id": "Prestige-168x192-1-0-0-0", 
        "price": 9639.0, 
        "url": "https://screen-house.com/buy/prestige.json"
    }, 
    {
        "id": "Prestige-168x192-1-0-0-1", 
        "price": 9764.0, 
        "url": "https://screen-house.com/buy/prestige.json"
    }, 
    {
        "id": "Prestige-168x192-1-0-1-0", 
        "price": 9918.0, 
        "url": "https://screen-house.com/buy/prestige.json"
    }, 
    {
        "id": "Prestige-168x192-1-0-1-1", 
        "price": 10043.0, 
        "url": "https://screen-house.com/buy/prestige.json"
    }, 
    {
        "id": "Prestige-168x192-1-1-0-0", 
        "price": 9818.0, 
        "url": "https://screen-house.com/buy/prestige.json"
    }, 
    {
        "id": "Prestige-168x192-1-1-0-1", 
        "price": 9943.0, 
        "url": "https://screen-house.com/buy/prestige.json"
    }, 
    {
        "id": "Prestige-168x192-1-1-1-0", 
        "price": 10097.0, 
        "url": "https://screen-house.com/buy/prestige.json"
    }, 
    {
        "id": "Prestige-168x192-1-1-1-1", 
        "price": 10222.0, 
        "url": "https://screen-house.com/buy/prestige.json"
    }
]