[
    {
        "id": "BrasiliaSlim-120x96-0-0", 
        "price": 2059.99, 
        "url": "https://screen-house.com/buy/slim.json"
    }, 
    {
        "id": "BrasiliaSlim-120x96-0-1", 
        "price": 2414.99, 
        "url": "https://screen-house.com/buy/slim.json"
    }, 
    {
        "id": "BrasiliaSlim-120x96-1-0", 
        "price": 2639.99, 
        "url": "https://screen-house.com/buy/slim.json"
    }, 
    {
        "id": "BrasiliaSlim-120x96-1-1", 
        "price": 2994.99, 
        "url": "https://screen-house.com/buy/slim.json"
    }, 
    {
        "id": "BrasiliaSlim-132x96-0-0", 
        "price": 2169.99, 
        "url": "https://screen-house.com/buy/slim.json"
    }, 
    {
        "id": "BrasiliaSlim-132x96-0-1", 
        "price": 2524.99, 
        "url": "https://screen-house.com/buy/slim.json"
    }, 
    {
        "id": "BrasiliaSlim-132x96-1-0", 
        "price": 2739.99, 
        "url": "https://screen-house.com/buy/slim.json"
    }, 
    {
        "id": "BrasiliaSlim-132x96-1-1", 
        "price": 3094.99, 
        "url": "https://screen-house.com/buy/slim.json"
    }, 
    {
        "id": "BrasiliaSlim-144x120-0-0", 
        "price": 2219.99, 
        "url": "https://screen-house.com/buy/slim.json"
    }, 
    {
        "id": "BrasiliaSlim-144x120-0-1", 
        "price": 2574.99, 
        "url": "https://screen-house.com/buy/slim.json"
    }, 
    {
        "id": "BrasiliaSlim-144x120-1-0", 
        "price": 2899.99, 
        "url": "https://screen-house.com/buy/slim.json"
    }, 
    {
        "id": "BrasiliaSlim-144x120-1-1", 
        "price": 3254.99, 
        "url": "https://screen-house.com/buy/slim.json"
    }, 
    {
        "id": "BrasiliaSlim-156x120-0-0", 
        "price": 2309.99, 
        "url": "https://screen-house.com/buy/slim.json"
    }, 
    {
        "id": "BrasiliaSlim-156x120-0-1", 
        "price": 2664.99, 
        "url": "https://screen-house.com/buy/slim.json"
    }, 
    {
        "id": "BrasiliaSlim-156x120-1-0", 
        "price": 2959.99, 
        "url": "https://screen-house.com/buy/slim.json"
    }, 
    {
        "id": "BrasiliaSlim-156x120-1-1", 
        "price": 3314.99, 
        "url": "https://screen-house.com/buy/slim.json"
    }, 
    {
        "id": "BrasiliaSlim-168x120-0-0", 
        "price": 2419.99, 
        "url": "https://screen-house.com/buy/slim.json"
    }, 
    {
        "id": "BrasiliaSlim-168x120-0-1", 
        "price": 2774.99, 
        "url": "https://screen-house.com/buy/slim.json"
    }, 
    {
        "id": "BrasiliaSlim-168x120-1-0", 
        "price": 3099.99, 
        "url": "https://screen-house.com/buy/slim.json"
    }, 
    {
        "id": "BrasiliaSlim-168x120-1-1", 
        "price": 3454.99, 
        "url": "https://screen-house.com/buy/slim.json"
    }, 
    {
        "id": "BrasiliaSlim-180x120-0-0", 
        "price": 2469.99, 
        "url": "https://screen-house.com/buy/slim.json"
    }, 
    {
        "id": "BrasiliaSlim-180x120-0-1", 
        "price": 2824.99, 
        "url": "https://screen-house.com/buy/slim.json"
    }, 
    {
        "id": "BrasiliaSlim-180x120-1-0", 
        "price": 3149.99, 
        "url": "https://screen-house.com/buy/slim.json"
    }, 
    {
        "id": "BrasiliaSlim-180x120-1-1", 
        "price": 3504.99, 
        "url": "https://screen-house.com/buy/slim.json"
    }, 
    {
        "id": "BrasiliaSlim-192x120-0-0", 
        "price": 2529.99, 
        "url": "https://screen-house.com/buy/slim.json"
    }, 
    {
        "id": "BrasiliaSlim-192x120-0-1", 
        "price": 2884.99, 
        "url": "https://screen-house.com/buy/slim.json"
    }, 
    {
        "id": "BrasiliaSlim-192x120-1-0", 
        "price": 3299.99, 
        "url": "https://screen-house.com/buy/slim.json"
    }, 
    {
        "id": "BrasiliaSlim-192x120-1-1", 
        "price": 3654.99, 
        "url": "https://screen-house.com/buy/slim.json"
    }, 
    {
        "id": "BrasiliaSlim-204x120-0-0", 
        "price": 2689.99, 
        "url": "https://screen-house.com/buy/slim.json"
    }, 
    {
        "id": "BrasiliaSlim-204x120-0-1", 
        "price": 3044.99, 
        "url": "https://screen-house.com/buy/slim.json"
    }, 
    {
        "id": "BrasiliaSlim-204x120-1-0", 
        "price": 3509.99, 
        "url": "https://screen-house.com/buy/slim.json"
    }, 
    {
        "id": "BrasiliaSlim-204x120-1-1", 
        "price": 3864.99, 
        "url": "https://screen-house.com/buy/slim.json"
    }, 
    {
        "id": "BrasiliaSlim-216x120-0-0", 
        "price": 2749.99, 
        "url": "https://screen-house.com/buy/slim.json"
    }, 
    {
        "id": "BrasiliaSlim-216x120-0-1", 
        "price": 3104.99, 
        "url": "https://screen-house.com/buy/slim.json"
    }, 
    {
        "id": "BrasiliaSlim-216x120-1-0", 
        "price": 3519.99, 
        "url": "https://screen-house.com/buy/slim.json"
    }, 
    {
        "id": "BrasiliaSlim-216x120-1-1", 
        "price": 3874.99, 
        "url": "https://screen-house.com/buy/slim.json"
    }, 
    {
        "id": "BrasiliaSlim-228x120-1-0", 
        "price": 3679.99, 
        "url": "https://screen-house.com/buy/slim.json"
    }, 
    {
        "id": "BrasiliaSlim-228x120-1-1", 
        "price": 4034.99, 
        "url": "https://screen-house.com/buy/slim.json"
    }, 
    {
        "id": "BrasiliaSlim-240x120-1-0", 
        "price": 3759.99, 
        "url": "https://screen-house.com/buy/slim.json"
    }, 
    {
        "id": "BrasiliaSlim-240x120-1-1", 
        "price": 4114.99, 
        "url": "https://screen-house.com/buy/slim.json"
    }, 
    {
        "id": "BrasiliaSlim-168x140-1-0", 
        "price": 3109.99, 
        "url": "https://screen-house.com/buy/slim.json"
    }, 
    {
        "id": "BrasiliaSlim-168x140-1-1", 
        "price": 3464.99, 
        "url": "https://screen-house.com/buy/slim.json"
    }, 
    {
        "id": "BrasiliaSlim-180x140-1-0", 
        "price": 3259.99, 
        "url": "https://screen-house.com/buy/slim.json"
    }, 
    {
        "id": "BrasiliaSlim-180x140-1-1", 
        "price": 3614.99, 
        "url": "https://screen-house.com/buy/slim.json"
    }, 
    {
        "id": "BrasiliaSlim-192x140-1-0", 
        "price": 3339.99, 
        "url": "https://screen-house.com/buy/slim.json"
    }, 
    {
        "id": "BrasiliaSlim-192x140-1-1", 
        "price": 3694.99, 
        "url": "https://screen-house.com/buy/slim.json"
    }, 
    {
        "id": "BrasiliaSlim-204x140-1-0", 
        "price": 3569.99, 
        "url": "https://screen-house.com/buy/slim.json"
    }, 
    {
        "id": "BrasiliaSlim-204x140-1-1", 
        "price": 3924.99, 
        "url": "https://screen-house.com/buy/slim.json"
    }, 
    {
        "id": "BrasiliaSlim-216x140-1-0", 
        "price": 3649.99, 
        "url": "https://screen-house.com/buy/slim.json"
    }, 
    {
        "id": "BrasiliaSlim-216x140-1-1", 
        "price": 4004.99, 
        "url": "https://screen-house.com/buy/slim.json"
    }, 
    {
        "id": "BrasiliaSlim-228x140-1-0", 
        "price": 3729.99, 
        "url": "https://screen-house.com/buy/slim.json"
    }, 
    {
        "id": "BrasiliaSlim-228x140-1-1", 
        "price": 4084.99, 
        "url": "https://screen-house.com/buy/slim.json"
    }, 
    {
        "id": "BrasiliaSlim-240x140-1-0", 
        "price": 3889.99, 
        "url": "https://screen-house.com/buy/slim.json"
    }, 
    {
        "id": "BrasiliaSlim-240x140-1-1", 
        "price": 4244.99, 
        "url": "https://screen-house.com/buy/slim.json"
    }
]