[
    {
        "id": "nsCover-120", 
        "price": 119.99, 
        "url": "https://screen-house.com/buy/softcover.json"
    }, 
    {
        "id": "nsCover-132", 
        "price": 119.99, 
        "url": "https://screen-house.com/buy/softcover.json"
    }, 
    {
        "id": "nsCover-144", 
        "price": 119.99, 
        "url": "https://screen-house.com/buy/softcover.json"
    }, 
    {
        "id": "nsCover-156", 
        "price": 119.99, 
        "url": "https://screen-house.com/buy/softcover.json"
    }, 
    {
        "id": "nsCover-168", 
        "price": 119.99, 
        "url": "https://screen-house.com/buy/softcover.json"
    }, 
    {
        "id": "nsCover-180", 
        "price": 119.99, 
        "url": "https://screen-house.com/buy/softcover.json"
    }, 
    {
        "id": "nsCover-192", 
        "price": 119.99, 
        "url": "https://screen-house.com/buy/softcover.json"
    }, 
    {
        "id": "nsCover-204", 
        "price": 119.99, 
        "url": "https://screen-house.com/buy/softcover.json"
    }, 
    {
        "id": "nsCover-216", 
        "price": 119.99, 
        "url": "https://screen-house.com/buy/softcover.json"
    }, 
    {
        "id": "nsCover-228", 
        "price": 119.99, 
        "url": "https://screen-house.com/buy/softcover.json"
    }, 
    {
        "id": "nsCover-240", 
        "price": 119.99, 
        "url": "https://screen-house.com/buy/softcover.json"
    }
]