[
    {
        "id": "SolarShade-36-0", 
        "price": 378.99, 
        "url": "https://screen-house.com/buy/solarshade.json"
    }, 
    {
        "id": "SolarShade-36-1", 
        "price": 515.99, 
        "url": "https://screen-house.com/buy/solarshade.json"
    }, 
    {
        "id": "SolarShade-36-2", 
        "price": 649.99, 
        "url": "https://screen-house.com/buy/solarshade.json"
    }, 
    {
        "id": "SolarShade-42-0", 
        "price": 390.99, 
        "url": "https://screen-house.com/buy/solarshade.json"
    }, 
    {
        "id": "SolarShade-42-1", 
        "price": 518.99, 
        "url": "https://screen-house.com/buy/solarshade.json"
    }, 
    {
        "id": "SolarShade-42-2", 
        "price": 669.99, 
        "url": "https://screen-house.com/buy/solarshade.json"
    }, 
    {
        "id": "SolarShade-48-0", 
        "price": 400.99, 
        "url": "https://screen-house.com/buy/solarshade.json"
    }, 
    {
        "id": "SolarShade-48-1", 
        "price": 530.99, 
        "url": "https://screen-house.com/buy/solarshade.json"
    }, 
    {
        "id": "SolarShade-48-2", 
        "price": 679.99, 
        "url": "https://screen-house.com/buy/solarshade.json"
    }, 
    {
        "id": "SolarShade-54-0", 
        "price": 423.99, 
        "url": "https://screen-house.com/buy/solarshade.json"
    }, 
    {
        "id": "SolarShade-54-1", 
        "price": 544.99, 
        "url": "https://screen-house.com/buy/solarshade.json"
    }, 
    {
        "id": "SolarShade-54-2", 
        "price": 689.99, 
        "url": "https://screen-house.com/buy/solarshade.json"
    }, 
    {
        "id": "SolarShade-60-0", 
        "price": 435.99, 
        "url": "https://screen-house.com/buy/solarshade.json"
    }, 
    {
        "id": "SolarShade-60-1", 
        "price": 556.99, 
        "url": "https://screen-house.com/buy/solarshade.json"
    }, 
    {
        "id": "SolarShade-60-2", 
        "price": 709.99, 
        "url": "https://screen-house.com/buy/solarshade.json"
    }, 
    {
        "id": "SolarShade-66-0", 
        "price": 448.99, 
        "url": "https://screen-house.com/buy/solarshade.json"
    }, 
    {
        "id": "SolarShade-66-1", 
        "price": 580.99, 
        "url": "https://screen-house.com/buy/solarshade.json"
    }, 
    {
        "id": "SolarShade-66-2", 
        "price": 739.99, 
        "url": "https://screen-house.com/buy/solarshade.json"
    }, 
    {
        "id": "SolarShade-72-0", 
        "price": 461.99, 
        "url": "https://screen-house.com/buy/solarshade.json"
    }, 
    {
        "id": "SolarShade-72-1", 
        "price": 604.99, 
        "url": "https://screen-house.com/buy/solarshade.json"
    }, 
    {
        "id": "SolarShade-72-2", 
        "price": 769.99, 
        "url": "https://screen-house.com/buy/solarshade.json"
    }, 
    {
        "id": "SolarShade-78-0", 
        "price": 474.99, 
        "url": "https://screen-house.com/buy/solarshade.json"
    }, 
    {
        "id": "SolarShade-78-1", 
        "price": 627.99, 
        "url": "https://screen-house.com/buy/solarshade.json"
    }, 
    {
        "id": "SolarShade-78-2", 
        "price": 779.99, 
        "url": "https://screen-house.com/buy/solarshade.json"
    }, 
    {
        "id": "SolarShade-84-0", 
        "price": 487.99, 
        "url": "https://screen-house.com/buy/solarshade.json"
    }, 
    {
        "id": "SolarShade-84-1", 
        "price": 640.99, 
        "url": "https://screen-house.com/buy/solarshade.json"
    }, 
    {
        "id": "SolarShade-84-2", 
        "price": 789.99, 
        "url": "https://screen-house.com/buy/solarshade.json"
    }, 
    {
        "id": "SolarShade-90-0", 
        "price": 501.99, 
        "url": "https://screen-house.com/buy/solarshade.json"
    }, 
    {
        "id": "SolarShade-90-1", 
        "price": 652.99, 
        "url": "https://screen-house.com/buy/solarshade.json"
    }, 
    {
        "id": "SolarShade-90-2", 
        "price": 799.99, 
        "url": "https://screen-house.com/buy/solarshade.json"
    }, 
    {
        "id": "SolarShade-96-0", 
        "price": 879.99, 
        "url": "https://screen-house.com/buy/solarshade.json"
    }, 
    {
        "id": "SolarShade-96-1", 
        "price": 1108.99, 
        "url": "https://screen-house.com/buy/solarshade.json"
    }, 
    {
        "id": "SolarShade-96-2", 
        "price": 1259.99, 
        "url": "https://screen-house.com/buy/solarshade.json"
    }, 
    {
        "id": "SolarShade-102-0", 
        "price": 888.99, 
        "url": "https://screen-house.com/buy/solarshade.json"
    }, 
    {
        "id": "SolarShade-102-1", 
        "price": 1118.99, 
        "url": "https://screen-house.com/buy/solarshade.json"
    }, 
    {
        "id": "SolarShade-102-2", 
        "price": 1279.99, 
        "url": "https://screen-house.com/buy/solarshade.json"
    }, 
    {
        "id": "SolarShade-108-0", 
        "price": 906.99, 
        "url": "https://screen-house.com/buy/solarshade.json"
    }, 
    {
        "id": "SolarShade-108-1", 
        "price": 1129.99, 
        "url": "https://screen-house.com/buy/solarshade.json"
    }, 
    {
        "id": "SolarShade-108-2", 
        "price": 1289.99, 
        "url": "https://screen-house.com/buy/solarshade.json"
    }, 
    {
        "id": "SolarShade-114-0", 
        "price": 916.99, 
        "url": "https://screen-house.com/buy/solarshade.json"
    }, 
    {
        "id": "SolarShade-114-1", 
        "price": 1149.99, 
        "url": "https://screen-house.com/buy/solarshade.json"
    }, 
    {
        "id": "SolarShade-114-2", 
        "price": 1309.99, 
        "url": "https://screen-house.com/buy/solarshade.json"
    }, 
    {
        "id": "SolarShade-120-0", 
        "price": 925.99, 
        "url": "https://screen-house.com/buy/solarshade.json"
    }, 
    {
        "id": "SolarShade-120-1", 
        "price": 1159.99, 
        "url": "https://screen-house.com/buy/solarshade.json"
    }, 
    {
        "id": "SolarShade-120-2", 
        "price": 1319.99, 
        "url": "https://screen-house.com/buy/solarshade.json"
    }, 
    {
        "id": "SolarShade-126-0", 
        "price": 926.99, 
        "url": "https://screen-house.com/buy/solarshade.json"
    }, 
    {
        "id": "SolarShade-126-1", 
        "price": 1170.99, 
        "url": "https://screen-house.com/buy/solarshade.json"
    }, 
    {
        "id": "SolarShade-126-2", 
        "price": 1329.99, 
        "url": "https://screen-house.com/buy/solarshade.json"
    }, 
    {
        "id": "SolarShade-132-0", 
        "price": 936.99, 
        "url": "https://screen-house.com/buy/solarshade.json"
    }, 
    {
        "id": "SolarShade-132-1", 
        "price": 1180.99, 
        "url": "https://screen-house.com/buy/solarshade.json"
    }, 
    {
        "id": "SolarShade-132-2", 
        "price": 1339.99, 
        "url": "https://screen-house.com/buy/solarshade.json"
    }, 
    {
        "id": "SolarShade-138-0", 
        "price": 954.99, 
        "url": "https://screen-house.com/buy/solarshade.json"
    }, 
    {
        "id": "SolarShade-138-1", 
        "price": 1201.99, 
        "url": "https://screen-house.com/buy/solarshade.json"
    }, 
    {
        "id": "SolarShade-138-2", 
        "price": 1369.99, 
        "url": "https://screen-house.com/buy/solarshade.json"
    }, 
    {
        "id": "SolarShade-144-0", 
        "price": 963.99, 
        "url": "https://screen-house.com/buy/solarshade.json"
    }, 
    {
        "id": "SolarShade-144-1", 
        "price": 1212.99, 
        "url": "https://screen-house.com/buy/solarshade.json"
    }, 
    {
        "id": "SolarShade-144-2", 
        "price": 1379.99, 
        "url": "https://screen-house.com/buy/solarshade.json"
    }, 
    {
        "id": "SolarShade-150-0", 
        "price": 981.99, 
        "url": "https://screen-house.com/buy/solarshade.json"
    }, 
    {
        "id": "SolarShade-150-1", 
        "price": 1242.99, 
        "url": "https://screen-house.com/buy/solarshade.json"
    }, 
    {
        "id": "SolarShade-150-2", 
        "price": 1409.99, 
        "url": "https://screen-house.com/buy/solarshade.json"
    }, 
    {
        "id": "SolarShade-156-0", 
        "price": 991.99, 
        "url": "https://screen-house.com/buy/solarshade.json"
    }, 
    {
        "id": "SolarShade-156-1", 
        "price": 1253.99, 
        "url": "https://screen-house.com/buy/solarshade.json"
    }, 
    {
        "id": "SolarShade-156-2", 
        "price": 1419.99, 
        "url": "https://screen-house.com/buy/solarshade.json"
    }, 
    {
        "id": "SolarShade-162-0", 
        "price": 1000.99, 
        "url": "https://screen-house.com/buy/solarshade.json"
    }, 
    {
        "id": "SolarShade-162-1", 
        "price": 1274.99, 
        "url": "https://screen-house.com/buy/solarshade.json"
    }, 
    {
        "id": "SolarShade-162-2", 
        "price": 1449.99, 
        "url": "https://screen-house.com/buy/solarshade.json"
    }, 
    {
        "id": "SolarShade-168-0", 
        "price": 1010.99, 
        "url": "https://screen-house.com/buy/solarshade.json"
    }, 
    {
        "id": "SolarShade-168-1", 
        "price": 1284.99, 
        "url": "https://screen-house.com/buy/solarshade.json"
    }, 
    {
        "id": "SolarShade-168-2", 
        "price": 1449.99, 
        "url": "https://screen-house.com/buy/solarshade.json"
    }, 
    {
        "id": "SolarShade-174-0", 
        "price": 1019.99, 
        "url": "https://screen-house.com/buy/solarshade.json"
    }, 
    {
        "id": "SolarShade-174-1", 
        "price": 1295.99, 
        "url": "https://screen-house.com/buy/solarshade.json"
    }, 
    {
        "id": "SolarShade-174-2", 
        "price": 1469.99, 
        "url": "https://screen-house.com/buy/solarshade.json"
    }, 
    {
        "id": "SolarShade-180-0", 
        "price": 1029.99, 
        "url": "https://screen-house.com/buy/solarshade.json"
    }, 
    {
        "id": "SolarShade-180-1", 
        "price": 1304.99, 
        "url": "https://screen-house.com/buy/solarshade.json"
    }, 
    {
        "id": "SolarShade-180-2", 
        "price": 1479.99, 
        "url": "https://screen-house.com/buy/solarshade.json"
    }
]