[
    {
        "id": "ArrowCarport-120x180-0", 
        "price": 1249.99, 
        "url": "https://screen-house.com/buy/steelcarports.json"
    }, 
    {
        "id": "ArrowCarport-120x180-1", 
        "price": 1459.98, 
        "url": "https://screen-house.com/buy/steelcarports.json"
    }, 
    {
        "id": "ArrowCarport-120x240-0", 
        "price": 1584.37, 
        "url": "https://screen-house.com/buy/steelcarports.json"
    }, 
    {
        "id": "ArrowCarport-144x240-0", 
        "price": 1640.62, 
        "url": "https://screen-house.com/buy/steelcarports.json"
    }, 
    {
        "id": "ArrowCarport-144x240-1", 
        "price": 1900.61, 
        "url": "https://screen-house.com/buy/steelcarports.json"
    }, 
    {
        "id": "ArrowCarport-120x288-0", 
        "price": 1896.87, 
        "url": "https://screen-house.com/buy/steelcarports.json"
    }, 
    {
        "id": "ArrowCarport-144x288-0", 
        "price": 2053.99, 
        "url": "https://screen-house.com/buy/steelcarports.json"
    }, 
    {
        "id": "ArrowCarport-120x348-0", 
        "price": 2240.99, 
        "url": "https://screen-house.com/buy/steelcarports.json"
    }, 
    {
        "id": "ArrowCarport-144x348-0", 
        "price": 2434.37, 
        "url": "https://screen-house.com/buy/steelcarports.json"
    }
]