[
    {
        "id": "WPan-T019P8W16", 
        "price": 848.9, 
        "url": "https://screen-house.com/buy/wpancovers.json"
    }, 
    {
        "id": "WPan-T019P8W20", 
        "price": 980.2, 
        "url": "https://screen-house.com/buy/wpancovers.json"
    }, 
    {
        "id": "WPan-T019P10W20", 
        "price": 1079.0, 
        "url": "https://screen-house.com/buy/wpancovers.json"
    }, 
    {
        "id": "WPan-T019P10W24", 
        "price": 1212.9, 
        "url": "https://screen-house.com/buy/wpancovers.json"
    }, 
    {
        "id": "WPan-T019P12W20", 
        "price": 1206.4, 
        "url": "https://screen-house.com/buy/wpancovers.json"
    }, 
    {
        "id": "WPan-T019P12W24", 
        "price": 1345.5, 
        "url": "https://screen-house.com/buy/wpancovers.json"
    }, 
    {
        "id": "WPan-T019P20W20", 
        "price": 1628.9, 
        "url": "https://screen-house.com/buy/wpancovers.json"
    }, 
    {
        "id": "WPan-T019P20W24", 
        "price": 1861.6, 
        "url": "https://screen-house.com/buy/wpancovers.json"
    }, 
    {
        "id": "WPan-T025P8W16", 
        "price": 917.8, 
        "url": "https://screen-house.com/buy/wpancovers.json"
    }, 
    {
        "id": "WPan-T025P8W20", 
        "price": 1064.7, 
        "url": "https://screen-house.com/buy/wpancovers.json"
    }, 
    {
        "id": "WPan-T025P10W20", 
        "price": 1185.6, 
        "url": "https://screen-house.com/buy/wpancovers.json"
    }, 
    {
        "id": "WPan-T025P10W24", 
        "price": 1340.3, 
        "url": "https://screen-house.com/buy/wpancovers.json"
    }, 
    {
        "id": "WPan-T025P12W20", 
        "price": 1335.1, 
        "url": "https://screen-house.com/buy/wpancovers.json"
    }, 
    {
        "id": "WPan-T025P12W24", 
        "price": 1498.9, 
        "url": "https://screen-house.com/buy/wpancovers.json"
    }, 
    {
        "id": "WPan-T025P20W20", 
        "price": 1843.4, 
        "url": "https://screen-house.com/buy/wpancovers.json"
    }, 
    {
        "id": "WPan-T025P20W24", 
        "price": 2119.0, 
        "url": "https://screen-house.com/buy/wpancovers.json"
    }, 
    {
        "id": "WPan-T032P8W16", 
        "price": 989.3, 
        "url": "https://screen-house.com/buy/wpancovers.json"
    }, 
    {
        "id": "WPan-T032P8W20", 
        "price": 1155.7, 
        "url": "https://screen-house.com/buy/wpancovers.json"
    }, 
    {
        "id": "WPan-T032P10W20", 
        "price": 1300.0, 
        "url": "https://screen-house.com/buy/wpancovers.json"
    }, 
    {
        "id": "WPan-T032P10W24", 
        "price": 1476.8, 
        "url": "https://screen-house.com/buy/wpancovers.json"
    }, 
    {
        "id": "WPan-T032P12W20", 
        "price": 1472.9, 
        "url": "https://screen-house.com/buy/wpancovers.json"
    }, 
    {
        "id": "WPan-T032P12W24", 
        "price": 1662.7, 
        "url": "https://screen-house.com/buy/wpancovers.json"
    }, 
    {
        "id": "WPan-T032P20W20", 
        "price": 2073.5, 
        "url": "https://screen-house.com/buy/wpancovers.json"
    }, 
    {
        "id": "WPan-T032P20W24", 
        "price": 2394.6, 
        "url": "https://screen-house.com/buy/wpancovers.json"
    }, 
    {
        "id": "WPan-C019P8W16", 
        "price": 1259.96, 
        "url": "https://screen-house.com/buy/wpancovers.json"
    }, 
    {
        "id": "WPan-C019P8W20", 
        "price": 1461.46, 
        "url": "https://screen-house.com/buy/wpancovers.json"
    }, 
    {
        "id": "WPan-C019P10W20", 
        "price": 1558.7, 
        "url": "https://screen-house.com/buy/wpancovers.json"
    }, 
    {
        "id": "WPan-C019P10W24", 
        "price": 1778.4, 
        "url": "https://screen-house.com/buy/wpancovers.json"
    }, 
    {
        "id": "WPan-C019P20W20", 
        "price": 2810.6, 
        "url": "https://screen-house.com/buy/wpancovers.json"
    }, 
    {
        "id": "WPan-C019P20W24", 
        "price": 3422.9, 
        "url": "https://screen-house.com/buy/wpancovers.json"
    }, 
    {
        "id": "WPan-C025P8W16", 
        "price": 1328.86, 
        "url": "https://screen-house.com/buy/wpancovers.json"
    }, 
    {
        "id": "WPan-C025P8W20", 
        "price": 1545.96, 
        "url": "https://screen-house.com/buy/wpancovers.json"
    }, 
    {
        "id": "WPan-C025P10W20", 
        "price": 1735.5, 
        "url": "https://screen-house.com/buy/wpancovers.json"
    }, 
    {
        "id": "WPan-C025P10W24", 
        "price": 1976.0, 
        "url": "https://screen-house.com/buy/wpancovers.json"
    }, 
    {
        "id": "WPan-C025P20W20", 
        "price": 3025.1, 
        "url": "https://screen-house.com/buy/wpancovers.json"
    }, 
    {
        "id": "WPan-C025P20W24", 
        "price": 3680.3, 
        "url": "https://screen-house.com/buy/wpancovers.json"
    }, 
    {
        "id": "WPan-C032P8W16", 
        "price": 1400.36, 
        "url": "https://screen-house.com/buy/wpancovers.json"
    }, 
    {
        "id": "WPan-C032P8W20", 
        "price": 1636.96, 
        "url": "https://screen-house.com/buy/wpancovers.json"
    }, 
    {
        "id": "WPan-C032P10W20", 
        "price": 1849.9, 
        "url": "https://screen-house.com/buy/wpancovers.json"
    }, 
    {
        "id": "WPan-C032P10W24", 
        "price": 2112.5, 
        "url": "https://screen-house.com/buy/wpancovers.json"
    }, 
    {
        "id": "WPan-C032P12W20", 
        "price": 2029.3, 
        "url": "https://screen-house.com/buy/wpancovers.json"
    }, 
    {
        "id": "WPan-C032P12W24", 
        "price": 2304.9, 
        "url": "https://screen-house.com/buy/wpancovers.json"
    }, 
    {
        "id": "WPan-C032P20W20", 
        "price": 3255.2, 
        "url": "https://screen-house.com/buy/wpancovers.json"
    }, 
    {
        "id": "WPan-C032P20W24", 
        "price": 3955.9, 
        "url": "https://screen-house.com/buy/wpancovers.json"
    }
]